cv_2,155E,,Solid,""
cv_3,190D,,Solid,""
cv_4,190E,,Solid,""
cv_5,1B15,,Solid,""
cv_6,1B3C,,Solid,""
cv_7,1B3E,,Solid,""
cv_8,1B40,,Solid,""
cv_9,1B6D,,Solid,""
cv_10,1BE5,,Solid,""
cv_11,1C3E,,Solid,""
cv_12,1C41,,Solid,""
cv_13,1C43,,Solid,""
cv_14,1C44,,Solid,""
cv_15,1C45,,Solid,""
cv_16,2B0C,,Solid,""
cv_17,2B13,,Solid,""
cv_18,2B3A,,Solid,""
cv_19,2B3C,,Solid,""
cv_20,2B89,,Solid,""
cv_21,2BD7,,Solid,""
cv_22,2BD8,,Solid,""
cv_23,2BF1,,Solid,""
cv_24,2BFE,,Solid,""
cv_25,2C00,,Solid,""
cv_26,2C0F,,Solid,""
cv_27,2C11,,Solid,""
cv_28,2C25,,Solid,""
cv_29,2C2A,,Solid,""
cv_30,2C2E,,Solid,""
cv_31,2C2F,,Solid,""
cv_32,2C32,,Solid,""
cv_33,2C5C,,Solid,""
cv_34,2C7D,,Solid,""
cv_35,2C91,,Solid,""
cv_36,2C92,,Solid,""
cv_37,2C96,,Solid,""
cv_38,2CA5,,Solid,""
cv_39,2CA8,,Solid,""
cv_40,2CA9,,Solid,""
cv_41,2CDA,,Solid,""
cv_42,2CFF,,Solid,""
cv_43,2D41,,Solid,""
cv_44,2D4E,,Solid,""
cv_45,2D4F,,Solid,""
cv_46,2D5D,,Solid,""
cv_47,2D5F,,Solid,""
cv_48,2D61,,Solid,""
cv_49,2D63,,Solid,""
cv_50,2D71,,Solid,""
cv_51,2D76,,Solid,""
cv_52,2D77,,Solid,""
cv_53,2D9C,,Solid,""
cv_54,2DBF,,Solid,""
cv_55,2DF7,,Solid,""
cv_56,2DF8,,Solid,""
cv_57,2E23,,Solid,""
cv_58,2E29,,Solid,""
cv_59,2E4B,,Solid,""
cv_60,2E5B,,Solid,""
cv_61,2E62,,Solid,""
cv_62,2E73,,Solid,""
cv_63,2E75,,Solid,""
cv_64,2E7F,,Solid,""
cv_65,2E81,,Solid,""
cv_66,2EC3,,Solid,""
cv_67,2EC4,,Solid,""
cv_68,2EC7,,Solid,""
cv_69,2EC9,,Solid,""
cv_70,2ECB,,Solid,""
cv_71,2EEF,,Solid,""
cv_72,2F0D,,Solid,""
cv_73,2F2D,,Solid,""
cv_74,2F32,,Solid,""
cv_75,2F37,,Solid,""
cv_76,2F38,,Solid,""
cv_77,2F39,,Solid,""
cv_78,2F3B,,Solid,""
cv_79,2F44,,Solid,""
cv_80,2F45,,Solid,""
cv_81,2F47,,Solid,""
cv_82,2F48,,Solid,""
cv_83,2F52,,Solid,""
cv_84,2F53,,Solid,""
cv_85,2F55,,Solid,""
cv_86,2F56,,Solid,""
cv_87,2F5E,,Solid,""
cv_88,2F63,,Solid,""
cv_89,2F64,,Solid,""
cv_90,2F66,,Solid,""
cv_91,2F73,,Solid,""
cv_92,2F7E,,Solid,""
cv_93,2FC6,,Solid,""
cv_94,2FCC,,Solid,""
cv_95,2FCE,,Solid,""
cv_96,2FD4,,Solid,""
cv_97,3031,,Solid,""
cv_98,3036,,Solid,""
cv_99,3037,,Solid,""
cv_100,3038,,Solid,""
cv_101,303A,,Solid,""
cv_102,303D,,Solid,""
cv_103,303F,,Solid,""
cv_104,305E,,Solid,""
cv_105,3068,,Solid,""
cv_106,3069,,Solid,""
cv_107,3078,,Solid,""
cv_108,307D,,Solid,""
cv_109,309A,,Solid,""
cv_110,30A2,,Solid,""
cv_111,30B4,,Solid,""
cv_112,30B5,,Solid,""
cv_113,30B8,,Solid,""
cv_114,30BD,,Solid,""
cv_115,30BE,,Solid,""
cv_116,30C1,,Solid,""
cv_117,30C2,,Solid,""
cv_118,30DA,,Solid,""
cv_119,30E4,,Solid,""
cv_120,30F5,,Solid,""
cv_121,30F6,,Solid,""
cv_122,3139,,Solid,""
cv_123,3145,,Solid,""
cv_124,325C,,Solid,""
cv_125,3296,,Solid,""
cv_126,33F1,,Solid,""
cv_127,34A2,,Hatch,""
cv_128,34AB,,Hatch,""
cv_129,34AB,,Hatch,""
cv_130,34AE,,Hatch,""
cv_131,34B0,,Hatch,""
cv_132,34B2,,Hatch,""
cv_133,34B4,,Hatch,""
cv_134,34B6,,Hatch,""
cv_135,34B8,,Hatch,""
cv_136,34BD,,Hatch,""
cv_137,34BD,,Hatch,""
cv_138,34C1,,Hatch,""
cv_139,34C5,,Hatch,""
cv_140,34C7,,Hatch,""
cv_141,34CD,,Hatch,""
cv_142,34CD,,Hatch,""
cv_143,34D4,,Hatch,""
cv_144,34F3,,Hatch,""
cv_145,34FF,,Hatch,""
cv_146,350C,,Hatch,""
cv_147,3518,,Hatch,""
cv_148,3524,,Hatch,""
cv_149,3530,,Hatch,""
cv_150,3533,,Solid,""
cv_151,353D,,Solid,""
cv_152,354F,,Hatch,""
cv_153,3587,,Solid,""
cv_154,35B3,,Solid,""
cv_155,35B4,,Solid,""
cv_156,35B5,,Solid,""
cv_157,35B8,,Solid,""
cv_158,35B9,,Solid,""
cv_159,35C3,,Solid,""
cv_160,35C4,,Solid,""
cv_161,35C6,,Solid,""
cv_162,35D9,,Solid,""
cv_163,3600,,Solid,""
cv_164,361A,,Hatch,""
cv_165,3628,,Hatch,""
cv_166,362E,,Hatch,""
cv_167,36EA,,Solid,""
cv_168,36F3,,Solid,""
cv_169,36F6,,Solid,""
cv_170,36F9,,Solid,""
cv_171,36FE,,Solid,""
cv_172,3707,,Hatch,""
cv_173,3707,,Hatch,""
cv_174,371A,,Hatch,""
cv_175,3725,,Hatch,""
cv_176,3725,,Solid,""
cv_177,3735,,Hatch,""
cv_178,373F,,Hatch,""
cv_179,374C,,Solid,""
cv_180,3754,,Hatch,""
cv_181,3777,,Solid,""
cv_182,3778,,Solid,""
cv_183,377A,,Solid,""
cv_184,4B8B,,Solid,""
cv_185,4B99,,Hatch,""
cv_186,4BC5,,Hatch,""
cv_187,4BCB,,Hatch,""
cv_188,4BFE,,Solid,""
cv_189,4C05,,Solid,""
cv_190,604F7,,Hatch,""
cv_191,60576,,Solid,""
cv_192,605C3,,Hatch,""
cv_193,605C8,,Hatch,""
cv_195,3162,,Polyline,""
cv_196,3164,,Polyline,""
cv_197,3166,,Polyline,""
cv_198,316C,,Polyline,""
cv_199,317C,,Polyline,""
cv_200,317E,,Polyline,""
cv_201,3182,,Polyline,""
cv_202,318A,,Polyline,""
cv_203,3190,,Polyline,""
cv_204,3192,,Polyline,""
cv_205,3196,,Polyline,""
cv_206,3198,,Polyline,""
cv_207,319D,,Polyline,""
cv_208,319F,,Polyline,""
cv_209,31A1,,Polyline,""
cv_210,31A3,,Polyline,""
cv_211,31A7,,Polyline,""
cv_212,31A9,,Polyline,""
cv_213,31B0,,Polyline,""
cv_214,31B4,,Polyline,""
cv_215,31B6,,Polyline,""
cv_216,31B8,,Polyline,""
cv_217,31BE,,Polyline,""
cv_218,31C7,,Polyline,""
cv_219,31C9,,Polyline,""
cv_220,31D1,,Polyline,""
cv_221,31D9,,Polyline,""
cv_222,31F1,,Polyline,""
cv_223,31F3,,Polyline,""
cv_224,325B,,Polyline,""
cv_225,325F,,Polyline,""
cv_226,3266,,Polyline,""
cv_227,326A,,Polyline,""
cv_228,326C,,Polyline,""
cv_229,326E,,Polyline,""
cv_230,3272,,Polyline,""
cv_231,327A,,Polyline,""
cv_232,328F,,Polyline,""
cv_233,329B,,Polyline,""
cv_234,329D,,Polyline,""
cv_235,32A9,,Polyline,""
cv_236,32AB,,Polyline,""
cv_237,32AF,,Polyline,""
cv_238,32B4,,Polyline,""
cv_239,32CF,,Polyline,""
cv_240,32D4,,Polyline,""
cv_241,32DA,,Polyline,""
cv_242,32E1,,Polyline,""
cv_243,32E5,,Polyline,""
cv_244,32F1,,Polyline,""
cv_245,32F3,,Polyline,""
cv_246,330B,,Polyline,""
cv_247,3313,,Polyline,""
cv_248,3315,,Polyline,""
cv_249,3317,,Polyline,""
cv_250,3319,,Polyline,""
cv_251,3326,,Polyline,""
cv_252,3328,,Polyline,""
cv_253,332E,,Polyline,""
cv_254,3330,,Polyline,""
cv_255,3334,,Polyline,""
cv_256,333A,,Polyline,""
cv_257,3346,,Polyline,""
cv_258,334C,,Polyline,""
cv_259,3356,,Polyline,""
cv_260,3358,,Polyline,""
cv_261,3360,,Polyline,""
cv_262,33BB,,Polyline,""
cv_263,33C2,,Polyline,""
cv_264,33CA,,Polyline,""
cv_265,33CD,,Polyline,""
cv_266,33D4,,Polyline,""
cv_267,33D6,,Polyline,""
cv_268,33D8,,Polyline,""
cv_269,33E6,,Polyline,""
cv_270,33E8,,Polyline,""
cv_271,33EA,,Polyline,""
cv_272,33F0,,Polyline,""
cv_273,33F8,,Polyline,""
cv_274,340D,,Polyline,""
cv_275,3410,,Polyline,""
cv_276,3419,,Polyline,""
cv_277,3423,,Polyline,""
cv_278,3429,,Polyline,""
cv_279,342B,,Polyline,""
cv_280,342F,,Polyline,""
cv_281,3432,,Polyline,""
cv_282,343A,,Polyline,""
cv_283,343F,,Polyline,""
cv_284,3445,,Polyline,""
cv_285,3447,,Polyline,""
cv_286,3457,,Polyline,""
cv_287,345C,,Polyline,""
cv_288,3465,,Polyline,""
cv_289,3469,,Polyline,""
cv_290,346D,,Polyline,""
cv_291,3470,,Polyline,""
cv_292,3478,,Polyline,""
cv_293,3480,,Polyline,""
cv_294,3484,,Polyline,""
cv_295,34A2,,Polyline,""
cv_296,34AC,,Polyline,""
cv_297,34AE,,Polyline,""
cv_298,34B0,,Polyline,""
cv_299,34B2,,Polyline,""
cv_300,34B4,,Polyline,""
cv_301,34B6,,Polyline,""
cv_302,34B8,,Polyline,""
cv_303,34BC,,Polyline,""
cv_304,34BE,,Polyline,""
cv_305,34C1,,Polyline,""
cv_306,34C4,,Polyline,""
cv_307,34C7,,Polyline,""
cv_308,34CC,,Polyline,""
cv_309,34CE,,Polyline,""
cv_310,34D3,,Polyline,""
cv_311,34E3,,Polyline,""
cv_312,34F3,,Polyline,""
cv_313,34FF,,Polyline,""
cv_314,350C,,Polyline,""
cv_315,3518,,Polyline,""
cv_316,3524,,Polyline,""
cv_317,3530,,Polyline,""
cv_318,354F,,Polyline,""
cv_319,361C,,Polyline,""
cv_320,3628,,Polyline,""
cv_321,36E5,,Polyline,""
cv_322,36E6,,Polyline,""
cv_323,36E7,,Polyline,""
cv_324,4AD6,,Polyline,""
cv_325,4B73,,Polyline,""
cv_326,4B84,,Polyline,""
cv_327,4BA3,,Polyline,""
cv_328,4C18,,Polyline,""
cv_329,60567,,Polyline,""
cv_330,60568,,Polyline,""
cv_331,60569,,Polyline,""
cv_332,605B0,,Polyline,""
cv_333,605B1,,Polyline,""
cv_334,605B2,,Polyline,""
cv_335,605B5,,Polyline,""
cv_336,605B6,,Polyline,""
cv_337,605B7,,Polyline,""
cv_338,10F2,,Line,""
cv_339,10F5,,Line,""
cv_340,15B5,,Line,""
cv_341,15B7,,Line,""
cv_342,15B9,,Line,""
cv_343,15BB,,Line,""
cv_344,15C7,,Line,""
cv_345,15DB,,Line,""
cv_346,1715,,Line,""
cv_347,1716,,Line,""
cv_348,1717,,Line,""
cv_349,18FD,,Line,""
cv_350,18FE,,Line,""
cv_351,1902,,Line,""
cv_352,1903,,Line,""
cv_353,1904,,Line,""
cv_354,1905,,Line,""
cv_355,1906,,Line,""
cv_356,1908,,Line,""
cv_357,190B,,Line,""
cv_358,190C,,Line,""
cv_359,1926,,Line,""
cv_360,1928,,Line,""
cv_361,192A,,Line,""
cv_362,193F,,Line,""
cv_363,1945,,Line,""
cv_364,1948,,Line,""
cv_365,194B,,Line,""
cv_366,194D,,Line,""
cv_367,1957,,Line,""
cv_368,195A,,Line,""
cv_369,196A,,Line,""
cv_370,196E,,Line,""
cv_371,196F,,Line,""
cv_372,1970,,Line,""
cv_373,1971,,Line,""
cv_374,1972,,Line,""
cv_375,1973,,Line,""
cv_376,1976,,Line,""
cv_377,197C,,Line,""
cv_378,197D,,Line,""
cv_379,197E,,Line,""
cv_380,1986,,Line,""
cv_381,19B0,,Line,""
cv_382,19BA,,Line,""
cv_383,1A9D,,Line,""
cv_384,1AA0,,Line,""
cv_385,1AA1,,Line,""
cv_386,1AB8,,Line,""
cv_387,1AB9,,Line,""
cv_388,1AC6,,Line,""
cv_389,1AC9,,Line,""
cv_390,1ADF,,Line,""
cv_391,1AE4,,Line,""
cv_392,1AE7,,Line,""
cv_393,1AE8,,Line,""
cv_394,1AE9,,Line,""
cv_395,1AED,,Line,""
cv_396,1AEE,,Line,""
cv_397,1AFF,,Line,""
cv_398,1B00,,Line,""
cv_399,1B09,,Line,""
cv_400,1B0A,,Line,""
cv_401,1B0B,,Line,""
cv_402,1B0C,,Line,""
cv_403,1B10,,Line,""
cv_404,1B16,,Line,""
cv_405,1B17,,Line,""
cv_406,1B27,,Line,""
cv_407,1B2A,,Line,""
cv_408,1B2B,,Line,""
cv_409,1B2C,,Line,""
cv_410,1B2D,,Line,""
cv_411,1B31,,Line,""
cv_412,1B33,,Line,""
cv_413,1B34,,Line,""
cv_414,1B38,,Line,""
cv_415,1B39,,Line,""
cv_416,1B3B,,Line,""
cv_417,1B3D,,Line,""
cv_418,1B51,,Line,""
cv_419,1B52,,Line,""
cv_420,1B54,,Line,""
cv_421,1B5E,,Line,""
cv_422,1B61,,Line,""
cv_423,1B63,,Line,""
cv_424,1B65,,Line,""
cv_425,1B69,,Line,""
cv_426,1B76,,Line,""
cv_427,1B77,,Line,""
cv_428,1B7D,,Line,""
cv_429,1B7E,,Line,""
cv_430,1B7F,,Line,""
cv_431,1B80,,Line,""
cv_432,1B81,,Line,""
cv_433,1B82,,Line,""
cv_434,1B83,,Line,""
cv_435,1B84,,Line,""
cv_436,1B87,,Line,""
cv_437,1B8D,,Line,""
cv_438,1B92,,Line,""
cv_439,1B94,,Line,""
cv_440,1B96,,Line,""
cv_441,1B9B,,Line,""
cv_442,1BA4,,Line,""
cv_443,1BAA,,Line,""
cv_444,1BAB,,Line,""
cv_445,1BAC,,Line,""
cv_446,1BAD,,Line,""
cv_447,1BBC,,Line,""
cv_448,1BBD,,Line,""
cv_449,1BBF,,Line,""
cv_450,1BC0,,Line,""
cv_451,1BC5,,Line,""
cv_452,1BC6,,Line,""
cv_453,1BDA,,Line,""
cv_454,1BDB,,Line,""
cv_455,1BDC,,Line,""
cv_456,1BE0,,Line,""
cv_457,1BE6,,Line,""
cv_458,1BEA,,Line,""
cv_459,1BFC,,Line,""
cv_460,1C06,,Line,""
cv_461,1C0F,,Line,""
cv_462,1C11,,Line,""
cv_463,1C3D,,Line,""
cv_464,1C3F,,Line,""
cv_465,1C40,,Line,""
cv_466,1C47,,Line,""
cv_467,1C9F,,Line,""
cv_468,1CE9,,Line,""
cv_469,1CEB,,Line,""
cv_470,1CEC,,Line,""
cv_471,1CEE,,Line,""
cv_472,1CF2,,Line,""
cv_473,1CF3,,Line,""
cv_474,1D21,,Line,""
cv_475,2AA9,,Line,""
cv_476,2AAA,,Line,""
cv_477,2AAC,,Line,""
cv_478,2AAD,,Line,""
cv_479,2AB6,,Line,""
cv_480,2AB8,,Line,""
cv_481,2ABF,,Line,""
cv_482,2AC0,,Line,""
cv_483,2AC2,,Line,""
cv_484,2AC3,,Line,""
cv_485,2AC4,,Line,""
cv_486,2AC5,,Line,""
cv_487,2AC6,,Line,""
cv_488,2AC7,,Line,""
cv_489,2AC8,,Line,""
cv_490,2ACA,,Line,""
cv_491,2ADA,,Line,""
cv_492,2AE3,,Line,""
cv_493,2AE6,,Line,""
cv_494,2AE9,,Line,""
cv_495,2AF2,,Line,""
cv_496,2AFC,,Line,""
cv_497,2B03,,Line,""
cv_498,2B04,,Line,""
cv_499,2B06,,Line,""
cv_500,2B08,,Line,""
cv_501,2B09,,Line,""
cv_502,2B0A,,Line,""
cv_503,2B0B,,Line,""
cv_504,2B0E,,Line,""
cv_505,2B0F,,Line,""
cv_506,2B11,,Line,""
cv_507,2B12,,Line,""
cv_508,2B1A,,Line,""
cv_509,2B25,,Line,""
cv_510,2B26,,Line,""
cv_511,2B2D,,Line,""
cv_512,2B30,,Line,""
cv_513,2B33,,Line,""
cv_514,2B34,,Line,""
cv_515,2B37,,Line,""
cv_516,2B38,,Line,""
cv_517,2B40,,Line,""
cv_518,2B44,,Line,""
cv_519,2B46,,Line,""
cv_520,2B4A,,Line,""
cv_521,2B4E,,Line,""
cv_522,2B54,,Line,""
cv_523,2B59,,Line,""
cv_524,2B5B,,Line,""
cv_525,2B62,,Line,""
cv_526,2B64,,Line,""
cv_527,2B66,,Line,""
cv_528,2B68,,Line,""
cv_529,2B69,,Line,""
cv_530,2B6A,,Line,""
cv_531,2B6B,,Line,""
cv_532,2B77,,Line,""
cv_533,2B79,,Line,""
cv_534,2B7B,,Line,""
cv_535,2B7C,,Line,""
cv_536,2B7D,,Line,""
cv_537,2B7E,,Line,""
cv_538,2B7F,,Line,""
cv_539,2B80,,Line,""
cv_540,2B82,,Line,""
cv_541,2B85,,Line,""
cv_542,2B87,,Line,""
cv_543,2B8B,,Line,""
cv_544,2B8D,,Line,""
cv_545,2B8E,,Line,""
cv_546,2B90,,Line,""
cv_547,2B91,,Line,""
cv_548,2B93,,Line,""
cv_549,2B94,,Line,""
cv_550,2B95,,Line,""
cv_551,2B98,,Line,""
cv_552,2B9A,,Line,""
cv_553,2B9B,,Line,""
cv_554,2BA0,,Line,""
cv_555,2BA1,,Line,""
cv_556,2BA2,,Line,""
cv_557,2BA3,,Line,""
cv_558,2BA4,,Line,""
cv_559,2BA5,,Line,""
cv_560,2BA6,,Line,""
cv_561,2BA7,,Line,""
cv_562,2BA8,,Line,""
cv_563,2BA9,,Line,""
cv_564,2BAC,,Line,""
cv_565,2BB2,,Line,""
cv_566,2BB8,,Line,""
cv_567,2BBD,,Line,""
cv_568,2BBE,,Line,""
cv_569,2BBF,,Line,""
cv_570,2BC2,,Line,""
cv_571,2BC3,,Line,""
cv_572,2BC6,,Line,""
cv_573,2BC7,,Line,""
cv_574,2BCA,,Line,""
cv_575,2BCC,,Line,""
cv_576,2BCD,,Line,""
cv_577,2BCE,,Line,""
cv_578,2BCF,,Line,""
cv_579,2BD2,,Line,""
cv_580,2BD3,,Line,""
cv_581,2BD4,,Line,""
cv_582,2BD5,,Line,""
cv_583,2BDB,,Line,""
cv_584,2BDC,,Line,""
cv_585,2BDD,,Line,""
cv_586,2BDE,,Line,""
cv_587,2BE7,,Line,""
cv_588,2BEE,,Line,""
cv_589,2BF0,,Line,""
cv_590,2BF2,,Line,""
cv_591,2BF3,,Line,""
cv_592,2BF5,,Line,""
cv_593,2BF6,,Line,""
cv_594,2BF7,,Line,""
cv_595,2BF8,,Line,""
cv_596,2BF9,,Line,""
cv_597,2BFF,,Line,""
cv_598,2C02,,Line,""
cv_599,2C03,,Line,""
cv_600,2C07,,Line,""
cv_601,2C08,,Line,""
cv_602,2C0A,,Line,""
cv_603,2C0C,,Line,""
cv_604,2C0D,,Line,""
cv_605,2C10,,Line,""
cv_606,2C13,,Line,""
cv_607,2C1D,,Line,""
cv_608,2C1E,,Line,""
cv_609,2C21,,Line,""
cv_610,2C27,,Line,""
cv_611,2C28,,Line,""
cv_612,2C29,,Line,""
cv_613,2C30,,Line,""
cv_614,2C36,,Line,""
cv_615,2C37,,Line,""
cv_616,2C38,,Line,""
cv_617,2C39,,Line,""
cv_618,2C3A,,Line,""
cv_619,2C3B,,Line,""
cv_620,2C3C,,Line,""
cv_621,2C44,,Line,""
cv_622,2C45,,Line,""
cv_623,2C46,,Line,""
cv_624,2C47,,Line,""
cv_625,2C48,,Line,""
cv_626,2C49,,Line,""
cv_627,2C51,,Line,""
cv_628,2C52,,Line,""
cv_629,2C53,,Line,""
cv_630,2C57,,Line,""
cv_631,2C58,,Line,""
cv_632,2C62,,Line,""
cv_633,2C63,,Line,""
cv_634,2C64,,Line,""
cv_635,2C65,,Line,""
cv_636,2C69,,Line,""
cv_637,2C6B,,Line,""
cv_638,2C6C,,Line,""
cv_639,2C6D,,Line,""
cv_640,2C6F,,Line,""
cv_641,2C73,,Line,""
cv_642,2C7A,,Line,""
cv_643,2C80,,Line,""
cv_644,2C89,,Line,""
cv_645,2C8B,,Line,""
cv_646,2C8C,,Line,""
cv_647,2C8D,,Line,""
cv_648,2C8E,,Line,""
cv_649,2C8F,,Line,""
cv_650,2C90,,Line,""
cv_651,2C93,,Line,""
cv_652,2C95,,Line,""
cv_653,2C97,,Line,""
cv_654,2C98,,Line,""
cv_655,2C99,,Line,""
cv_656,2C9A,,Line,""
cv_657,2C9B,,Line,""
cv_658,2C9C,,Line,""
cv_659,2C9D,,Line,""
cv_660,2C9F,,Line,""
cv_661,2CA0,,Line,""
cv_662,2CA1,,Line,""
cv_663,2CA2,,Line,""
cv_664,2CA3,,Line,""
cv_665,2CA4,,Line,""
cv_666,2CA6,,Line,""
cv_667,2CA7,,Line,""
cv_668,2CAA,,Line,""
cv_669,2CAC,,Line,""
cv_670,2CAD,,Line,""
cv_671,2CAE,,Line,""
cv_672,2CAF,,Line,""
cv_673,2CB1,,Line,""
cv_674,2CB3,,Line,""
cv_675,2CB4,,Line,""
cv_676,2CB5,,Line,""
cv_677,2CB6,,Line,""
cv_678,2CB8,,Line,""
cv_679,2CB9,,Line,""
cv_680,2CBA,,Line,""
cv_681,2CBB,,Line,""
cv_682,2CBD,,Line,""
cv_683,2CBE,,Line,""
cv_684,2CC0,,Line,""
cv_685,2CC1,,Line,""
cv_686,2CC2,,Line,""
cv_687,2CC3,,Line,""
cv_688,2CC4,,Line,""
cv_689,2CC6,,Line,""
cv_690,2CC8,,Line,""
cv_691,2CC9,,Line,""
cv_692,2CCA,,Line,""
cv_693,2CCB,,Line,""
cv_694,2CCC,,Line,""
cv_695,2CCD,,Line,""
cv_696,2CCE,,Line,""
cv_697,2CD2,,Line,""
cv_698,2CD3,,Line,""
cv_699,2CD5,,Line,""
cv_700,2CD6,,Line,""
cv_701,2CDB,,Line,""
cv_702,2CDC,,Line,""
cv_703,2CDD,,Line,""
cv_704,2CDF,,Line,""
cv_705,2CE3,,Line,""
cv_706,2CE4,,Line,""
cv_707,2CE5,,Line,""
cv_708,2CE6,,Line,""
cv_709,2CEF,,Line,""
cv_710,2CF0,,Line,""
cv_711,2CF1,,Line,""
cv_712,2CF2,,Line,""
cv_713,2CF9,,Line,""
cv_714,2CFA,,Line,""
cv_715,2CFC,,Line,""
cv_716,2CFD,,Line,""
cv_717,2D00,,Line,""
cv_718,2D01,,Line,""
cv_719,2D03,,Line,""
cv_720,2D04,,Line,""
cv_721,2D05,,Line,""
cv_722,2D08,,Line,""
cv_723,2D09,,Line,""
cv_724,2D0A,,Line,""
cv_725,2D0E,,Line,""
cv_726,2D10,,Line,""
cv_727,2D12,,Line,""
cv_728,2D1C,,Line,""
cv_729,2D1D,,Line,""
cv_730,2D1E,,Line,""
cv_731,2D1F,,Line,""
cv_732,2D20,,Line,""
cv_733,2D23,,Line,""
cv_734,2D26,,Line,""
cv_735,2D2A,,Line,""
cv_736,2D2C,,Line,""
cv_737,2D33,,Line,""
cv_738,2D34,,Line,""
cv_739,2D35,,Line,""
cv_740,2D36,,Line,""
cv_741,2D37,,Line,""
cv_742,2D3F,,Line,""
cv_743,2D40,,Line,""
cv_744,2D42,,Line,""
cv_745,2D44,,Line,""
cv_746,2D45,,Line,""
cv_747,2D46,,Line,""
cv_748,2D50,,Line,""
cv_749,2D51,,Line,""
cv_750,2D52,,Line,""
cv_751,2D53,,Line,""
cv_752,2D56,,Line,""
cv_753,2D57,,Line,""
cv_754,2D58,,Line,""
cv_755,2D59,,Line,""
cv_756,2D5C,,Line,""
cv_757,2D60,,Line,""
cv_758,2D62,,Line,""
cv_759,2D68,,Line,""
cv_760,2D69,,Line,""
cv_761,2D6A,,Line,""
cv_762,2D6B,,Line,""
cv_763,2D70,,Line,""
cv_764,2D74,,Line,""
cv_765,2D79,,Line,""
cv_766,2D7F,,Line,""
cv_767,2D80,,Line,""
cv_768,2D81,,Line,""
cv_769,2D82,,Line,""
cv_770,2D83,,Line,""
cv_771,2D85,,Line,""
cv_772,2D86,,Line,""
cv_773,2D87,,Line,""
cv_774,2D88,,Line,""
cv_775,2D8C,,Line,""
cv_776,2D90,,Line,""
cv_777,2D92,,Line,""
cv_778,2D93,,Line,""
cv_779,2D96,,Line,""
cv_780,2D97,,Line,""
cv_781,2D98,,Line,""
cv_782,2D9A,,Line,""
cv_783,2D9B,,Line,""
cv_784,2D9D,,Line,""
cv_785,2DA4,,Line,""
cv_786,2DA6,,Line,""
cv_787,2DAB,,Line,""
cv_788,2DAD,,Line,""
cv_789,2DAE,,Line,""
cv_790,2DAF,,Line,""
cv_791,2DB0,,Line,""
cv_792,2DB2,,Line,""
cv_793,2DB3,,Line,""
cv_794,2DB4,,Line,""
cv_795,2DB7,,Line,""
cv_796,2DB8,,Line,""
cv_797,2DB9,,Line,""
cv_798,2DBB,,Line,""
cv_799,2DBC,,Line,""
cv_800,2DC2,,Line,""
cv_801,2DC3,,Line,""
cv_802,2DC8,,Line,""
cv_803,2DD6,,Line,""
cv_804,2DD8,,Line,""
cv_805,2DDD,,Line,""
cv_806,2DDE,,Line,""
cv_807,2DE8,,Line,""
cv_808,2DED,,Line,""
cv_809,2DEF,,Line,""
cv_810,2DF2,,Line,""
cv_811,2DF3,,Line,""
cv_812,2DF5,,Line,""
cv_813,2DF6,,Line,""
cv_814,2DF9,,Line,""
cv_815,2DFA,,Line,""
cv_816,2DFE,,Line,""
cv_817,2DFF,,Line,""
cv_818,2E01,,Line,""
cv_819,2E0C,,Line,""
cv_820,2E0F,,Line,""
cv_821,2E11,,Line,""
cv_822,2E12,,Line,""
cv_823,2E18,,Line,""
cv_824,2E1C,,Line,""
cv_825,2E1E,,Line,""
cv_826,2E1F,,Line,""
cv_827,2E20,,Line,""
cv_828,2E21,,Line,""
cv_829,2E22,,Line,""
cv_830,2E2A,,Line,""
cv_831,2E2B,,Line,""
cv_832,2E2C,,Line,""
cv_833,2E2D,,Line,""
cv_834,2E34,,Line,""
cv_835,2E36,,Line,""
cv_836,2E37,,Line,""
cv_837,2E38,,Line,""
cv_838,2E3F,,Line,""
cv_839,2E40,,Line,""
cv_840,2E41,,Line,""
cv_841,2E42,,Line,""
cv_842,2E43,,Line,""
cv_843,2E44,,Line,""
cv_844,2E47,,Line,""
cv_845,2E4A,,Line,""
cv_846,2E4C,,Line,""
cv_847,2E51,,Line,""
cv_848,2E52,,Line,""
cv_849,2E55,,Line,""
cv_850,2E56,,Line,""
cv_851,2E57,,Line,""
cv_852,2E58,,Line,""
cv_853,2E5A,,Line,""
cv_854,2E5D,,Line,""
cv_855,2E5E,,Line,""
cv_856,2E5F,,Line,""
cv_857,2E60,,Line,""
cv_858,2E66,,Line,""
cv_859,2E67,,Line,""
cv_860,2E68,,Line,""
cv_861,2E6A,,Line,""
cv_862,2E6B,,Line,""
cv_863,2E6C,,Line,""
cv_864,2E6D,,Line,""
cv_865,2E72,,Line,""
cv_866,2E7A,,Line,""
cv_867,2E7B,,Line,""
cv_868,2E7E,,Line,""
cv_869,2E85,,Line,""
cv_870,2E90,,Line,""
cv_871,2E9D,,Line,""
cv_872,2E9E,,Line,""
cv_873,2EA2,,Line,""
cv_874,2EA3,,Line,""
cv_875,2EA4,,Line,""
cv_876,2EA5,,Line,""
cv_877,2EA6,,Line,""
cv_878,2EA9,,Line,""
cv_879,2EAB,,Line,""
cv_880,2EAC,,Line,""
cv_881,2EAD,,Line,""
cv_882,2EAE,,Line,""
cv_883,2EB7,,Line,""
cv_884,2EBD,,Line,""
cv_885,2EBE,,Line,""
cv_886,2EBF,,Line,""
cv_887,2EC0,,Line,""
cv_888,2EC2,,Line,""
cv_889,2EC5,,Line,""
cv_890,2EC8,,Line,""
cv_891,2ECA,,Line,""
cv_892,2ECD,,Line,""
cv_893,2ED3,,Line,""
cv_894,2ED4,,Line,""
cv_895,2ED5,,Line,""
cv_896,2ED6,,Line,""
cv_897,2ED7,,Line,""
cv_898,2ED8,,Line,""
cv_899,2ED9,,Line,""
cv_900,2EDC,,Line,""
cv_901,2EDF,,Line,""
cv_902,2EE0,,Line,""
cv_903,2EE1,,Line,""
cv_904,2EE4,,Line,""
cv_905,2EE6,,Line,""
cv_906,2EEA,,Line,""
cv_907,2EEB,,Line,""
cv_908,2EED,,Line,""
cv_909,2EEE,,Line,""
cv_910,2EF5,,Line,""
cv_911,2EF6,,Line,""
cv_912,2EF8,,Line,""
cv_913,2EF9,,Line,""
cv_914,2EFA,,Line,""
cv_915,2EFB,,Line,""
cv_916,2EFC,,Line,""
cv_917,2F00,,Line,""
cv_918,2F01,,Line,""
cv_919,2F04,,Line,""
cv_920,2F05,,Line,""
cv_921,2F06,,Line,""
cv_922,2F07,,Line,""
cv_923,2F09,,Line,""
cv_924,2F18,,Line,""
cv_925,2F22,,Line,""
cv_926,2F23,,Line,""
cv_927,2F26,,Line,""
cv_928,2F27,,Line,""
cv_929,2F29,,Line,""
cv_930,2F2A,,Line,""
cv_931,2F2E,,Line,""
cv_932,2F2F,,Line,""
cv_933,2F30,,Line,""
cv_934,2F31,,Line,""
cv_935,2F3C,,Line,""
cv_936,2F3D,,Line,""
cv_937,2F41,,Line,""
cv_938,2F5D,,Line,""
cv_939,2F62,,Line,""
cv_940,2F6B,,Line,""
cv_941,2F6C,,Line,""
cv_942,2F6D,,Line,""
cv_943,2F6E,,Line,""
cv_944,2F6F,,Line,""
cv_945,2F77,,Line,""
cv_946,2F7B,,Line,""
cv_947,2F7D,,Line,""
cv_948,2F8B,,Line,""
cv_949,2F8C,,Line,""
cv_950,2F8D,,Line,""
cv_951,2F8E,,Line,""
cv_952,2F8F,,Line,""
cv_953,2F90,,Line,""
cv_954,2F91,,Line,""
cv_955,2F92,,Line,""
cv_956,2F93,,Line,""
cv_957,2F95,,Line,""
cv_958,2F96,,Line,""
cv_959,2FA0,,Line,""
cv_960,2FA1,,Line,""
cv_961,2FA6,,Line,""
cv_962,2FA8,,Line,""
cv_963,2FA9,,Line,""
cv_964,2FAE,,Line,""
cv_965,2FBA,,Line,""
cv_966,2FC2,,Line,""
cv_967,2FC4,,Line,""
cv_968,2FD1,,Line,""
cv_969,2FD5,,Line,""
cv_970,2FD6,,Line,""
cv_971,2FD7,,Line,""
cv_972,2FD8,,Line,""
cv_973,2FD9,,Line,""
cv_974,2FDA,,Line,""
cv_975,2FDB,,Line,""
cv_976,2FDC,,Line,""
cv_977,2FDD,,Line,""
cv_978,2FE0,,Line,""
cv_979,2FE2,,Line,""
cv_980,2FE3,,Line,""
cv_981,2FE4,,Line,""
cv_982,2FE9,,Line,""
cv_983,2FEF,,Line,""
cv_984,2FF4,,Line,""
cv_985,2FF5,,Line,""
cv_986,2FFC,,Line,""
cv_987,3001,,Line,""
cv_988,3002,,Line,""
cv_989,3003,,Line,""
cv_990,3006,,Line,""
cv_991,3007,,Line,""
cv_992,3008,,Line,""
cv_993,3009,,Line,""
cv_994,3016,,Line,""
cv_995,301B,,Line,""
cv_996,301C,,Line,""
cv_997,301D,,Line,""
cv_998,301E,,Line,""
cv_999,3024,,Line,""
cv_1000,302A,,Line,""
cv_1001,302D,,Line,""
cv_1002,302E,,Line,""
cv_1003,302F,,Line,""
cv_1004,3030,,Line,""
cv_1005,303B,,Line,""
cv_1006,3040,,Line,""
cv_1007,3041,,Line,""
cv_1008,3043,,Line,""
cv_1009,3044,,Line,""
cv_1010,304B,,Line,""
cv_1011,304C,,Line,""
cv_1012,304E,,Line,""
cv_1013,3052,,Line,""
cv_1014,3054,,Line,""
cv_1015,305F,,Line,""
cv_1016,3060,,Line,""
cv_1017,3064,,Line,""
cv_1018,306C,,Line,""
cv_1019,306E,,Line,""
cv_1020,307C,,Line,""
cv_1021,3081,,Line,""
cv_1022,3083,,Line,""
cv_1023,3088,,Line,""
cv_1024,308A,,Line,""
cv_1025,3091,,Line,""
cv_1026,3092,,Line,""
cv_1027,3093,,Line,""
cv_1028,3094,,Line,""
cv_1029,3095,,Line,""
cv_1030,3097,,Line,""
cv_1031,3099,,Line,""
cv_1032,309B,,Line,""
cv_1033,30A3,,Line,""
cv_1034,30A5,,Line,""
cv_1035,30AB,,Line,""
cv_1036,30AE,,Line,""
cv_1037,30AF,,Line,""
cv_1038,30B0,,Line,""
cv_1039,30B1,,Line,""
cv_1040,30B2,,Line,""
cv_1041,30B3,,Line,""
cv_1042,30B7,,Line,""
cv_1043,30BA,,Line,""
cv_1044,30BB,,Line,""
cv_1045,30BC,,Line,""
cv_1046,30C3,,Line,""
cv_1047,30CE,,Line,""
cv_1048,30CF,,Line,""
cv_1049,30D0,,Line,""
cv_1050,30D4,,Line,""
cv_1051,30D6,,Line,""
cv_1052,30DC,,Line,""
cv_1053,30E2,,Line,""
cv_1054,30E6,,Line,""
cv_1055,30ED,,Line,""
cv_1056,30F2,,Line,""
cv_1057,30F8,,Line,""
cv_1058,30FC,,Line,""
cv_1059,30FE,,Line,""
cv_1060,310E,,Line,""
cv_1061,312F,,Line,""
cv_1062,3134,,Line,""
cv_1063,3136,,Line,""
cv_1064,3137,,Line,""
cv_1065,313A,,Line,""
cv_1066,313B,,Line,""
cv_1067,313C,,Line,""
cv_1068,314A,,Line,""
cv_1069,314E,,Line,""
cv_1070,3167,,Line,""
cv_1071,3168,,Line,""
cv_1072,3169,,Line,""
cv_1073,316A,,Line,""
cv_1074,316D,,Line,""
cv_1075,316E,,Line,""
cv_1076,3173,,Line,""
cv_1077,3174,,Line,""
cv_1078,3177,,Line,""
cv_1079,3178,,Line,""
cv_1080,3179,,Line,""
cv_1081,317A,,Line,""
cv_1082,317F,,Line,""
cv_1083,3180,,Line,""
cv_1084,3185,,Line,""
cv_1085,3186,,Line,""
cv_1086,3187,,Line,""
cv_1087,3188,,Line,""
cv_1088,3199,,Line,""
cv_1089,31AA,,Line,""
cv_1090,31AB,,Line,""
cv_1091,31AE,,Line,""
cv_1092,31B9,,Line,""
cv_1093,31BA,,Line,""
cv_1094,31BB,,Line,""
cv_1095,31BC,,Line,""
cv_1096,31C1,,Line,""
cv_1097,31C2,,Line,""
cv_1098,31C3,,Line,""
cv_1099,31C4,,Line,""
cv_1100,31C5,,Line,""
cv_1101,31D2,,Line,""
cv_1102,31D3,,Line,""
cv_1103,31D4,,Line,""
cv_1104,31D5,,Line,""
cv_1105,31D6,,Line,""
cv_1106,31D7,,Line,""
cv_1107,31DE,,Line,""
cv_1108,31DF,,Line,""
cv_1109,31E0,,Line,""
cv_1110,31E5,,Line,""
cv_1111,31E6,,Line,""
cv_1112,31E7,,Line,""
cv_1113,31E8,,Line,""
cv_1114,31EB,,Line,""
cv_1115,31EC,,Line,""
cv_1116,31ED,,Line,""
cv_1117,31EE,,Line,""
cv_1118,31EF,,Line,""
cv_1119,31F8,,Line,""
cv_1120,31F9,,Line,""
cv_1121,31FA,,Line,""
cv_1122,31FB,,Line,""
cv_1123,31FC,,Line,""
cv_1124,31FD,,Line,""
cv_1125,31FE,,Line,""
cv_1126,31FF,,Line,""
cv_1127,3204,,Line,""
cv_1128,3205,,Line,""
cv_1129,3206,,Line,""
cv_1130,3207,,Line,""
cv_1131,3209,,Line,""
cv_1132,320A,,Line,""
cv_1133,320B,,Line,""
cv_1134,320C,,Line,""
cv_1135,320D,,Line,""
cv_1136,320E,,Line,""
cv_1137,320F,,Line,""
cv_1138,3210,,Line,""
cv_1139,3219,,Line,""
cv_1140,321A,,Line,""
cv_1141,321B,,Line,""
cv_1142,321C,,Line,""
cv_1143,321D,,Line,""
cv_1144,321E,,Line,""
cv_1145,321F,,Line,""
cv_1146,3220,,Line,""
cv_1147,3225,,Line,""
cv_1148,3226,,Line,""
cv_1149,3227,,Line,""
cv_1150,3228,,Line,""
cv_1151,322B,,Line,""
cv_1152,322C,,Line,""
cv_1153,322D,,Line,""
cv_1154,322E,,Line,""
cv_1155,322F,,Line,""
cv_1156,3230,,Line,""
cv_1157,3231,,Line,""
cv_1158,3232,,Line,""
cv_1159,3235,,Line,""
cv_1160,3236,,Line,""
cv_1161,3237,,Line,""
cv_1162,3238,,Line,""
cv_1163,323B,,Line,""
cv_1164,323C,,Line,""
cv_1165,323D,,Line,""
cv_1166,323E,,Line,""
cv_1167,3240,,Line,""
cv_1168,3241,,Line,""
cv_1169,3242,,Line,""
cv_1170,3244,,Line,""
cv_1171,3247,,Line,""
cv_1172,3248,,Line,""
cv_1173,3249,,Line,""
cv_1174,324A,,Line,""
cv_1175,324B,,Line,""
cv_1176,3258,,Line,""
cv_1177,3259,,Line,""
cv_1178,325D,,Polyline,""
cv_1179,3260,,Line,""
cv_1180,3261,,Line,""
cv_1181,3262,,Line,""
cv_1182,3263,,Line,""
cv_1183,3264,,Line,""
cv_1184,3277,,Line,""
cv_1185,3278,,Line,""
cv_1186,327B,,Line,""
cv_1187,327C,,Line,""
cv_1188,327D,,Line,""
cv_1189,327E,,Line,""
cv_1190,327F,,Line,""
cv_1191,3280,,Line,""
cv_1192,3281,,Line,""
cv_1193,3282,,Line,""
cv_1194,3283,,Line,""
cv_1195,3284,,Line,""
cv_1196,328B,,Line,""
cv_1197,328C,,Line,""
cv_1198,328D,,Line,""
cv_1199,3292,,Line,""
cv_1200,3293,,Line,""
cv_1201,3294,,Line,""
cv_1202,3295,,Line,""
cv_1203,3297,,Polyline,""
cv_1204,3299,,Polyline,""
cv_1205,329E,,Line,""
cv_1206,32A3,,Line,""
cv_1207,32A4,,Line,""
cv_1208,32A5,,Line,""
cv_1209,32A6,,Line,""
cv_1210,32A7,,Line,""
cv_1211,32B2,,Line,""
cv_1212,32B5,,Line,""
cv_1213,32B6,,Line,""
cv_1214,32B8,,Line,""
cv_1215,32BB,,Line,""
cv_1216,32BD,,Line,""
cv_1217,32C0,,Line,""
cv_1218,32C3,,Line,""
cv_1219,32C4,,Line,""
cv_1220,32C5,,Line,""
cv_1221,32C6,,Line,""
cv_1222,32CA,,Line,""
cv_1223,32CB,,Line,""
cv_1224,32CC,,Line,""
cv_1225,32CD,,Line,""
cv_1226,32D5,,Line,""
cv_1227,32D6,,Line,""
cv_1228,32D7,,Line,""
cv_1229,32D8,,Line,""
cv_1230,32DC,,Line,""
cv_1231,32DD,,Line,""
cv_1232,32DE,,Line,""
cv_1233,32DF,,Line,""
cv_1234,32EA,,Line,""
cv_1235,32EB,,Line,""
cv_1236,32EC,,Line,""
cv_1237,32ED,,Line,""
cv_1238,32F4,,Line,""
cv_1239,32F5,,Line,""
cv_1240,32F6,,Line,""
cv_1241,32F7,,Line,""
cv_1242,32F8,,Line,""
cv_1243,32FC,,Line,""
cv_1244,32FF,,Line,""
cv_1245,3304,,Line,""
cv_1246,3305,,Line,""
cv_1247,3306,,Line,""
cv_1248,3307,,Line,""
cv_1249,330C,,Line,""
cv_1250,330D,,Line,""
cv_1251,330E,,Line,""
cv_1252,330F,,Line,""
cv_1253,331C,,Line,""
cv_1254,331D,,Line,""
cv_1255,331E,,Line,""
cv_1256,331F,,Line,""
cv_1257,3320,,Line,""
cv_1258,3321,,Line,""
cv_1259,3322,,Line,""
cv_1260,3323,,Line,""
cv_1261,3329,,Line,""
cv_1262,332A,,Line,""
cv_1263,332B,,Line,""
cv_1264,332C,,Line,""
cv_1265,3335,,Line,""
cv_1266,3336,,Line,""
cv_1267,3337,,Line,""
cv_1268,3338,,Line,""
cv_1269,333D,,Line,""
cv_1270,333E,,Line,""
cv_1271,333F,,Line,""
cv_1272,3340,,Line,""
cv_1273,3347,,Line,""
cv_1274,3348,,Line,""
cv_1275,3349,,Line,""
cv_1276,334A,,Line,""
cv_1277,3351,,Line,""
cv_1278,3352,,Line,""
cv_1279,3353,,Line,""
cv_1280,3354,,Line,""
cv_1281,335B,,Line,""
cv_1282,335C,,Line,""
cv_1283,335D,,Line,""
cv_1284,335E,,Line,""
cv_1285,3361,,Line,""
cv_1286,3362,,Line,""
cv_1287,3363,,Line,""
cv_1288,3364,,Line,""
cv_1289,3365,,Line,""
cv_1290,3366,,Line,""
cv_1291,3367,,Line,""
cv_1292,3368,,Line,""
cv_1293,336B,,Line,""
cv_1294,336E,,Line,""
cv_1295,3377,,Line,""
cv_1296,3378,,Line,""
cv_1297,3379,,Line,""
cv_1298,337A,,Line,""
cv_1299,337B,,Line,""
cv_1300,337C,,Line,""
cv_1301,337D,,Line,""
cv_1302,337E,,Line,""
cv_1303,3389,,Line,""
cv_1304,338A,,Line,""
cv_1305,338B,,Line,""
cv_1306,338C,,Line,""
cv_1307,338D,,Line,""
cv_1308,338E,,Line,""
cv_1309,338F,,Line,""
cv_1310,3390,,Line,""
cv_1311,3399,,Line,""
cv_1312,339A,,Line,""
cv_1313,339B,,Line,""
cv_1314,339C,,Line,""
cv_1315,33A1,,Line,""
cv_1316,33A2,,Line,""
cv_1317,33A3,,Line,""
cv_1318,33A4,,Line,""
cv_1319,33A5,,Line,""
cv_1320,33AA,,Line,""
cv_1321,33AB,,Line,""
cv_1322,33AC,,Line,""
cv_1323,33AD,,Line,""
cv_1324,33AE,,Line,""
cv_1325,33BC,,Line,""
cv_1326,33BD,,Line,""
cv_1327,33BE,,Line,""
cv_1328,33BF,,Line,""
cv_1329,33C3,,Line,""
cv_1330,33C5,,Line,""
cv_1331,33C6,,Line,""
cv_1332,33C7,,Line,""
cv_1333,33C8,,Line,""
cv_1334,33CB,,Line,""
cv_1335,33CE,,Line,""
cv_1336,33CF,,Line,""
cv_1337,33D0,,Line,""
cv_1338,33D1,,Line,""
cv_1339,33D2,,Line,""
cv_1340,33D9,,Line,""
cv_1341,33DA,,Line,""
cv_1342,33DB,,Line,""
cv_1343,33DC,,Line,""
cv_1344,33DD,,Line,""
cv_1345,33DE,,Line,""
cv_1346,33DF,,Line,""
cv_1347,33E0,,Line,""
cv_1348,33E1,,Line,""
cv_1349,33E2,,Line,""
cv_1350,33E3,,Line,""
cv_1351,33E4,,Line,""
cv_1352,33EB,,Line,""
cv_1353,33EC,,Line,""
cv_1354,33ED,,Line,""
cv_1355,33EE,,Line,""
cv_1356,33F2,,Polyline,""
cv_1357,33F3,,Line,""
cv_1358,33F4,,Line,""
cv_1359,33F5,,Line,""
cv_1360,33F6,,Line,""
cv_1361,33F9,,Line,""
cv_1362,33FA,,Line,""
cv_1363,33FB,,Line,""
cv_1364,33FC,,Line,""
cv_1365,33FD,,Line,""
cv_1366,33FE,,Line,""
cv_1367,33FF,,Line,""
cv_1368,3402,,Line,""
cv_1369,3403,,Line,""
cv_1370,3404,,Line,""
cv_1371,3405,,Line,""
cv_1372,3406,,Line,""
cv_1373,3407,,Line,""
cv_1374,340E,,Line,""
cv_1375,3411,,Line,""
cv_1376,3412,,Line,""
cv_1377,3413,,Line,""
cv_1378,3414,,Line,""
cv_1379,3415,,Line,""
cv_1380,3416,,Line,""
cv_1381,3417,,Line,""
cv_1382,341C,,Line,""
cv_1383,341D,,Line,""
cv_1384,341E,,Line,""
cv_1385,341F,,Line,""
cv_1386,3420,,Line,""
cv_1387,3421,,Line,""
cv_1388,3424,,Line,""
cv_1389,3425,,Line,""
cv_1390,3426,,Line,""
cv_1391,3427,,Line,""
cv_1392,342C,,Line,""
cv_1393,342D,,Line,""
cv_1394,3430,,Line,""
cv_1395,3433,,Line,""
cv_1396,3434,,Line,""
cv_1397,3435,,Line,""
cv_1398,3436,,Line,""
cv_1399,343B,,Line,""
cv_1400,3440,,Line,""
cv_1401,3441,,Line,""
cv_1402,3442,,Line,""
cv_1403,3443,,Line,""
cv_1404,3448,,Line,""
cv_1405,3449,,Line,""
cv_1406,344A,,Line,""
cv_1407,344B,,Line,""
cv_1408,344C,,Line,""
cv_1409,344D,,Line,""
cv_1410,3450,,Line,""
cv_1411,3451,,Line,""
cv_1412,3452,,Line,""
cv_1413,3453,,Line,""
cv_1414,345A,,Line,""
cv_1415,345D,,Line,""
cv_1416,345E,,Line,""
cv_1417,345F,,Line,""
cv_1418,3460,,Line,""
cv_1419,3461,,Line,""
cv_1420,3462,,Line,""
cv_1421,3463,,Line,""
cv_1422,346E,,Line,""
cv_1423,3473,,Line,""
cv_1424,3474,,Line,""
cv_1425,3475,,Line,""
cv_1426,3476,,Line,""
cv_1427,347B,,Line,""
cv_1428,347C,,Line,""
cv_1429,347D,,Line,""
cv_1430,347E,,Line,""
cv_1431,349D,,Line,""
cv_1432,349E,,Line,""
cv_1433,349F,,Line,""
cv_1434,34C0,,Line,""
cv_1435,34C3,,Line,""
cv_1436,34C5,,Line,""
cv_1437,34C9,,Line,""
cv_1438,34CB,,Line,""
cv_1439,34D0,,Line,""
cv_1440,34D2,,Line,""
cv_1441,34D4,,Line,""
cv_1442,34E4,,Line,""
cv_1443,34E8,,Line,""
cv_1444,34F5,,Line,""
cv_1445,3501,,Line,""
cv_1446,350E,,Line,""
cv_1447,351A,,Line,""
cv_1448,3526,,Line,""
cv_1449,3532,,Line,""
cv_1450,353E,,Line,""
cv_1451,353F,,Line,""
cv_1452,3540,,Line,""
cv_1453,3541,,Line,""
cv_1454,3542,,Line,""
cv_1455,3543,,Line,""
cv_1456,3544,,Line,""
cv_1457,3545,,Line,""
cv_1458,3551,,Line,""
cv_1459,3576,,Line,""
cv_1460,3577,,Line,""
cv_1461,3578,,Line,""
cv_1462,3579,,Line,""
cv_1463,3580,,Line,""
cv_1464,3582,,Line,""
cv_1465,3583,,Line,""
cv_1466,3584,,Line,""
cv_1467,3585,,Line,""
cv_1468,3586,,Line,""
cv_1469,3588,,Line,""
cv_1470,3589,,Line,""
cv_1471,358A,,Line,""
cv_1472,358C,,Line,""
cv_1473,358E,,Line,""
cv_1474,3590,,Line,""
cv_1475,3599,,Line,""
cv_1476,359A,,Line,""
cv_1477,359B,,Line,""
cv_1478,359C,,Line,""
cv_1479,359D,,Line,""
cv_1480,359F,,Line,""
cv_1481,35A0,,Line,""
cv_1482,35A1,,Line,""
cv_1483,35A2,,Line,""
cv_1484,35A6,,Line,""
cv_1485,35A9,,Line,""
cv_1486,35AA,,Line,""
cv_1487,35AC,,Line,""
cv_1488,35AD,,Line,""
cv_1489,35AE,,Line,""
cv_1490,35AF,,Line,""
cv_1491,35B0,,Line,""
cv_1492,35C5,,Line,""
cv_1493,35C7,,Line,""
cv_1494,35DB,,Line,""
cv_1495,35E5,,Line,""
cv_1496,35E7,,Line,""
cv_1497,35E8,,Line,""
cv_1498,3613,,Line,""
cv_1499,3614,,Line,""
cv_1500,3615,,Line,""
cv_1501,3616,,Line,""
cv_1502,3619,,Line,""
cv_1503,361A,,Line,""
cv_1504,361D,,Line,""
cv_1505,3622,,Line,""
cv_1506,3624,,Line,""
cv_1507,3625,,Line,""
cv_1508,362A,,Line,""
cv_1509,362D,,Line,""
cv_1510,362E,,Line,""
cv_1511,36E2,,Line,""
cv_1512,36E8,,Line,""
cv_1513,36EB,,Line,""
cv_1514,36EC,,Line,""
cv_1515,36EE,,Line,""
cv_1516,36EF,,Line,""
cv_1517,36F0,,Line,""
cv_1518,36F1,,Line,""
cv_1519,36F2,,Line,""
cv_1520,36FA,,Line,""
cv_1521,36FB,,Line,""
cv_1522,36FF,,Line,""
cv_1523,3701,,Line,""
cv_1524,3702,,Line,""
cv_1525,3703,,Line,""
cv_1526,3704,,Line,""
cv_1527,3705,,Line,""
cv_1528,3706,,Line,""
cv_1529,371D,,Line,""
cv_1530,371E,,Line,""
cv_1531,371F,,Line,""
cv_1532,3720,,Line,""
cv_1533,3722,,Line,""
cv_1534,3729,,Line,""
cv_1535,372A,,Line,""
cv_1536,372D,,Line,""
cv_1537,3742,,Line,""
cv_1538,3743,,Line,""
cv_1539,3744,,Line,""
cv_1540,3745,,Line,""
cv_1541,3746,,Line,""
cv_1542,3748,,Line,""
cv_1543,3749,,Line,""
cv_1544,374A,,Line,""
cv_1545,374B,,Line,""
cv_1546,3786,,Line,""
cv_1547,378A,,Line,""
cv_1548,378B,,Line,""
cv_1549,378C,,Line,""
cv_1550,37A3,,Line,""
cv_1551,37A4,,Line,""
cv_1552,389A,,Line,""
cv_1553,389B,,Line,""
cv_1554,4AF3,,Line,""
cv_1555,4AF4,,Line,""
cv_1556,4AF5,,Line,""
cv_1557,4AF6,,Line,""
cv_1558,4B20,,Line,""
cv_1559,4B21,,Line,""
cv_1560,4B22,,Line,""
cv_1561,4B23,,Line,""
cv_1562,4B8C,,Line,""
cv_1563,4B90,,Line,""
cv_1564,4BD4,,Line,""
cv_1565,4BD5,,Line,""
cv_1566,4BD6,,Line,""
cv_1567,4BD7,,Line,""
cv_1568,4BF4,,Line,""
cv_1569,4BF6,,Line,""
cv_1570,4BF7,,Line,""
cv_1571,4BFB,,Line,""
cv_1572,4BFC,,Line,""
cv_1573,4BFD,,Line,""
cv_1574,4BFF,,Line,""
cv_1575,4C00,,Line,""
cv_1576,4C06,,Line,""
cv_1577,4C07,,Line,""
cv_1578,50CC,,Line,""
cv_1579,50CD,,Line,""
cv_1580,50CE,,Line,""
cv_1581,50CF,,Line,""
cv_1582,50D0,,Line,""
cv_1583,50D1,,Line,""
cv_1584,50D2,,Line,""
cv_1585,50D3,,Line,""
cv_1586,50D6,,Line,""
cv_1587,50D7,,Line,""
cv_1588,50D8,,Line,""
cv_1589,50D9,,Line,""
cv_1590,604E1,,Line,""
cv_1591,604E2,,Line,""
cv_1592,604E3,,Line,""
cv_1593,604E4,,Line,""
cv_1594,604E5,,Line,""
cv_1595,604E6,,Line,""
cv_1596,604E7,,Line,""
cv_1597,604E8,,Line,""
cv_1598,604E9,,Line,""
cv_1599,604EA,,Line,""
cv_1600,604EE,,Line,""
cv_1601,604EF,,Line,""
cv_1602,604F0,,Line,""
cv_1603,604F3,,Line,""
cv_1604,604F4,,Line,""
cv_1605,604F5,,Line,""
cv_1606,604F6,,Line,""
cv_1607,604F7,,Line,""
cv_1608,604F9,,Line,""
cv_1609,604FA,,Line,""
cv_1610,60514,,Line,""
cv_1611,6056A,,Line,""
cv_1612,6056D,,Line,""
cv_1613,60570,,Line,""
cv_1614,60571,,Line,""
cv_1615,60572,,Line,""
cv_1616,60573,,Line,""
cv_1617,60574,,Line,""
cv_1618,60575,,Line,""
cv_1619,60578,,Line,""
cv_1620,6057F,,Line,""
cv_1621,605A5,,Line,""
cv_1622,605A6,,Line,""
cv_1623,605A8,,Line,""
cv_1624,605A9,,Line,""
cv_1625,605AB,,Line,""
cv_1626,605AC,,Line,""
cv_1627,605AD,,Line,""
cv_1628,605B3,,Line,""
cv_1629,605B8,,Line,""
cv_1630,605BA,,Line,""
cv_1631,605BB,,Line,""
cv_1632,605BC,,Line,""
cv_1633,15C8,,Arc,""
cv_1634,15C9,,Arc,""
cv_1635,191F,,Arc,""
cv_1636,1922,,Arc,""
cv_1637,1929,,Arc,""
cv_1638,192C,,Arc,""
cv_1639,1943,,Arc,""
cv_1640,194A,,Arc,""
cv_1641,194E,,Arc,""
cv_1642,194F,,Arc,""
cv_1643,1989,,Arc,""
cv_1644,198A,,Arc,""
cv_1645,1CC3,,Arc,""
cv_1646,1CCE,,Arc,""
cv_1647,1CD4,,Arc,""
cv_1648,2ACC,,Arc,""
cv_1649,2AD4,,Arc,""
cv_1650,2AE4,,Arc,""
cv_1651,2AE5,,Arc,""
cv_1652,2B15,,Arc,""
cv_1653,2B1B,,Arc,""
cv_1654,2B1C,,Arc,""
cv_1655,2B60,,Arc,""
cv_1656,2B67,,Arc,""
cv_1657,2B81,,Arc,""
cv_1658,2B88,,Arc,""
cv_1659,2BD9,,Arc,""
cv_1660,2BE6,,Arc,""
cv_1661,2BE8,,Arc,""
cv_1662,2CBF,,Arc,""
cv_1663,2CEA,,Arc,""
cv_1664,2D2B,,Arc,""
cv_1665,2D2D,,Arc,""
cv_1666,2E17,,Arc,""
cv_1667,2E1D,,Arc,""
cv_1668,2E8D,,Arc,""
cv_1669,2E91,,Arc,""
cv_1670,2F17,,Arc,""
cv_1671,2F19,,Arc,""
cv_1672,2F24,,Arc,""
cv_1673,2F25,,Arc,""
cv_1674,2FB9,,Arc,""
cv_1675,2FBB,,Arc,""
cv_1676,2FC1,,Arc,""
cv_1677,2FC3,,Arc,""
cv_1678,2FEA,,Arc,""
cv_1679,2FF6,,Arc,""
cv_1680,3015,,Arc,""
cv_1681,3018,,Arc,""
cv_1682,3029,,Arc,""
cv_1683,302C,,Arc,""
cv_1684,310D,,Arc,""
cv_1685,310F,,Arc,""
cv_1686,316F,,Arc,""
cv_1687,3170,,Arc,""
cv_1688,3171,,Arc,""
cv_1689,3172,,Arc,""
cv_1690,3175,,Arc,""
cv_1691,3176,,Arc,""
cv_1692,3183,,Arc,""
cv_1693,3184,,Arc,""
cv_1694,318B,,Arc,""
cv_1695,318C,,Arc,""
cv_1696,318D,,Arc,""
cv_1697,318E,,Arc,""
cv_1698,3193,,Arc,""
cv_1699,3194,,Arc,""
cv_1700,319A,,Arc,""
cv_1701,319B,,Arc,""
cv_1702,31AC,,Arc,""
cv_1703,31AD,,Arc,""
cv_1704,31B1,,Arc,""
cv_1705,31B2,,Arc,""
cv_1706,31BF,,Arc,""
cv_1707,31C0,,Arc,""
cv_1708,31CA,,Arc,""
cv_1709,31CB,,Arc,""
cv_1710,31CC,,Arc,""
cv_1711,31CD,,Arc,""
cv_1712,31CE,,Arc,""
cv_1713,31CF,,Arc,""
cv_1714,31DA,,Arc,""
cv_1715,31DB,,Arc,""
cv_1716,31DC,,Arc,""
cv_1717,31DD,,Arc,""
cv_1718,31E1,,Arc,""
cv_1719,31E2,,Arc,""
cv_1720,31E3,,Arc,""
cv_1721,31E4,,Arc,""
cv_1722,3221,,Arc,""
cv_1723,3222,,Arc,""
cv_1724,3229,,Arc,""
cv_1725,322A,,Arc,""
cv_1726,3239,,Arc,""
cv_1727,323A,,Arc,""
cv_1728,324F,,Arc,""
cv_1729,3250,,Arc,""
cv_1730,3267,,Arc,""
cv_1731,3268,,Arc,""
cv_1732,326F,,Arc,""
cv_1733,3270,,Arc,""
cv_1734,3273,,Arc,""
cv_1735,3274,,Arc,""
cv_1736,3275,,Arc,""
cv_1737,3276,,Arc,""
cv_1738,3285,,Arc,""
cv_1739,3286,,Arc,""
cv_1740,3287,,Arc,""
cv_1741,3288,,Arc,""
cv_1742,3289,,Arc,""
cv_1743,328A,,Arc,""
cv_1744,3290,,Arc,""
cv_1745,3291,,Arc,""
cv_1746,32A1,,Arc,""
cv_1747,32A2,,Arc,""
cv_1748,32AC,,Arc,""
cv_1749,32AD,,Arc,""
cv_1750,32B0,,Arc,""
cv_1751,32B1,,Arc,""
cv_1752,32B7,,Arc,""
cv_1753,32B9,,Arc,""
cv_1754,32BA,,Arc,""
cv_1755,32BC,,Arc,""
cv_1756,32BE,,Arc,""
cv_1757,32BF,,Arc,""
cv_1758,32C1,,Arc,""
cv_1759,32C2,,Arc,""
cv_1760,32C7,,Arc,""
cv_1761,32C8,,Arc,""
cv_1762,32D1,,Arc,""
cv_1763,32D2,,Arc,""
cv_1764,32E2,,Arc,""
cv_1765,32E3,,Arc,""
cv_1766,32E6,,Arc,""
cv_1767,32E7,,Arc,""
cv_1768,32E8,,Arc,""
cv_1769,32E9,,Arc,""
cv_1770,32EE,,Arc,""
cv_1771,32EF,,Arc,""
cv_1772,3300,,Arc,""
cv_1773,3301,,Arc,""
cv_1774,3302,,Arc,""
cv_1775,3303,,Arc,""
cv_1776,331A,,Arc,""
cv_1777,331B,,Arc,""
cv_1778,3331,,Arc,""
cv_1779,3332,,Arc,""
cv_1780,333B,,Arc,""
cv_1781,333C,,Arc,""
cv_1782,3341,,Arc,""
cv_1783,3342,,Arc,""
cv_1784,3343,,Arc,""
cv_1785,3344,,Arc,""
cv_1786,334D,,Arc,""
cv_1787,334E,,Arc,""
cv_1788,334F,,Arc,""
cv_1789,3350,,Arc,""
cv_1790,3359,,Arc,""
cv_1791,335A,,Arc,""
cv_1792,336C,,Arc,""
cv_1793,336D,,Arc,""
cv_1794,336F,,Arc,""
cv_1795,3370,,Arc,""
cv_1796,3371,,Arc,""
cv_1797,3372,,Arc,""
cv_1798,3373,,Arc,""
cv_1799,3374,,Arc,""
cv_1800,3400,,Arc,""
cv_1801,3401,,Arc,""
cv_1802,3408,,Arc,""
cv_1803,3409,,Arc,""
cv_1804,340A,,Arc,""
cv_1805,340B,,Arc,""
cv_1806,341A,,Arc,""
cv_1807,341B,,Arc,""
cv_1808,3437,,Arc,""
cv_1809,3438,,Arc,""
cv_1810,343C,,Arc,""
cv_1811,343D,,Arc,""
cv_1812,344E,,Arc,""
cv_1813,344F,,Arc,""
cv_1814,3454,,Arc,""
cv_1815,3455,,Arc,""
cv_1816,3458,,Arc,""
cv_1817,3459,,Arc,""
cv_1818,3466,,Arc,""
cv_1819,3467,,Arc,""
cv_1820,346A,,Arc,""
cv_1821,346B,,Arc,""
cv_1822,3471,,Arc,""
cv_1823,3472,,Arc,""
cv_1824,3479,,Arc,""
cv_1825,347A,,Arc,""
cv_1826,3481,,Arc,""
cv_1827,3482,,Arc,""
cv_1828,3591,,Arc,""
cv_1829,3592,,Arc,""
cv_1830,3593,,Arc,""
cv_1831,3594,,Arc,""
cv_1832,35B6,,Arc,""
cv_1833,35B7,,Arc,""
cv_1834,35D3,,Arc,""
cv_1835,35D4,,Arc,""
cv_1836,35E6,,Arc,""
cv_1837,35E9,,Arc,""
cv_1838,35EA,,Arc,""
cv_1839,35EB,,Arc,""
cv_1840,35EC,,Arc,""
cv_1841,3601,,Arc,""
cv_1842,3602,,Arc,""
cv_1843,3603,,Arc,""
cv_1844,3604,,Arc,""
cv_1845,3617,,Arc,""
cv_1846,3618,,Arc,""
cv_1847,3626,,Arc,""
cv_1848,3627,,Arc,""
cv_1849,362B,,Arc,""
cv_1850,362C,,Arc,""
cv_1851,36E3,,Arc,""
cv_1852,36E4,,Arc,""
cv_1853,36F4,,Arc,""
cv_1854,36F5,,Arc,""
cv_1855,36FC,,Arc,""
cv_1856,36FD,,Arc,""
cv_1857,3710,,Arc,""
cv_1858,3712,,Arc,""
cv_1859,371A,,Arc,""
cv_1860,371C,,Arc,""
cv_1861,3723,,Arc,""
cv_1862,3724,,Arc,""
cv_1863,3727,,Arc,""
cv_1864,3728,,Arc,""
cv_1865,372B,,Arc,""
cv_1866,372C,,Arc,""
cv_1867,3735,,Arc,""
cv_1868,3737,,Arc,""
cv_1869,373F,,Arc,""
cv_1870,3741,,Arc,""
cv_1871,3754,,Arc,""
cv_1872,3756,,Arc,""
cv_1873,3776,,Arc,""
cv_1874,3779,,Arc,""
cv_1875,389C,,Arc,""
cv_1876,389D,,Arc,""
cv_1877,38A0,,Arc,""
cv_1878,38A1,,Arc,""
cv_1879,4B97,,Arc,""
cv_1880,4B98,,Arc,""
cv_1881,4B99,,Arc,""
cv_1882,4B9B,,Arc,""
cv_1883,4BC3,,Arc,""
cv_1884,4BC4,,Arc,""
cv_1885,4BC5,,Arc,""
cv_1886,4BC7,,Arc,""
cv_1887,4BC9,,Arc,""
cv_1888,4BCA,,Arc,""
cv_1889,4BCB,,Arc,""
cv_1890,4BCD,,Arc,""
cv_1891,50D4,,Arc,""
cv_1892,50D5,,Arc,""
cv_1893,604F1,,Arc,""
cv_1894,604F2,,Arc,""
cv_1895,60502,,Arc,""
cv_1896,60503,,Arc,""
cv_1897,6050D,,Arc,""
cv_1898,6056B,,Arc,""
cv_1899,6056C,,Arc,""
cv_1900,6056E,,Arc,""
cv_1901,6056F,,Arc,""
cv_1902,605A3,,Arc,""
cv_1903,605A4,,Arc,""
cv_1904,605A7,,Arc,""
cv_1905,605AA,,Arc,""
cv_1906,605AE,,Arc,""
cv_1907,605AF,,Arc,""
cv_1908,605B9,,Arc,""
cv_1909,605BD,,Arc,""
cv_1910,605C1,,Arc,""
cv_1911,605C2,,Arc,""
cv_1912,605C3,,Arc,""
cv_1913,605C5,,Arc,""
cv_1914,605C6,,Arc,""
cv_1915,605C7,,Arc,""
cv_1916,605C8,,Arc,""
cv_1917,605CA,,Arc,""
cv_1918,1901,,Circle,""
cv_1919,190A,,Circle,""
cv_1920,1B6A,,Circle,""
cv_1921,1CE5,,Circle,""
cv_1922,2AE8,,Circle,""
cv_1923,2B1F,,Circle,""
cv_1924,2B92,,Circle,""
cv_1925,2B99,,Circle,""
cv_1926,2BED,,Circle,""
cv_1927,2BF4,,Circle,""
cv_1928,2C17,,Circle,""
cv_1929,2CD8,,Circle,""
cv_1930,2D16,,Circle,""
cv_1931,2D4C,,Circle,""
cv_1932,2D75,,Circle,""
cv_1933,2DA5,,Circle,""
cv_1934,2DD2,,Circle,""
cv_1935,2DE5,,Circle,""
cv_1936,2DEA,,Circle,""
cv_1937,2DEC,,Circle,""
cv_1938,2DEE,,Circle,""
cv_1939,2E2F,,Circle,""
cv_1940,2E33,,Circle,""
cv_1941,2E49,,Circle,""
cv_1942,2E94,,Circle,""
cv_1943,2ECC,,Circle,""
cv_1944,2EF0,,Circle,""
cv_1945,2F70,,Circle,""
cv_1946,2F83,,Circle,""
cv_1947,2FAF,,Circle,""
cv_1948,2FBD,,Circle,""
cv_1949,2FCF,,Circle,""
cv_1950,304D,,Circle,""
cv_1951,305A,,Circle,""
cv_1952,3076,,Circle,""
cv_1953,30A1,,Circle,""
cv_1954,30D8,,Circle,""
cv_1955,30DD,,Circle,""
cv_1956,34E7,,Circle,""
cv_1957,3539,,Circle,""
cv_1958,357E,,Circle,""
cv_1959,3597,,Circle,""
cv_1960,3784,,Circle,""
cv_1961,3788,,Circle,""
cv_1962,37A6,,Circle,""
cv_1963,37A7,,Circle,""
cv_1964,4AD4,,Circle,""
cv_1965,4ADB,,Circle,""
cv_1966,4AEA,,Circle,""
cv_1967,4B1E,,Circle,""
cv_1968,4B28,,Circle,""
cv_1969,4B82,,Circle,""
cv_1970,4B89,,Circle,""
cv_1971,4B8D,,Circle,""
cv_1972,4BD2,,Circle,""
cv_1973,4BE1,,Circle,""
cv_1974,4BE8,,Circle,""
cv_1975,4BFA,,Circle,""
cv_1976,4C01,,Circle,""
cv_1977,4C08,,Circle,""
cv_1978,4C17,,Circle,""
cv_1979,4C19,,Circle,""
cv_1980,604EB,,Circle,""
cv_1981,6057A,,Circle,""
cv_1982,6057D,,Circle,""
cv_1983,10F3,,Text,""
cv_1984,10F4,,Text,""
cv_1985,1900,,Text,""
cv_1986,1909,,Text,""
cv_1987,1917,,Text,""
cv_1988,1918,,Text,""
cv_1989,191A,,Text,""
cv_1990,1940,,Text,""
cv_1991,1941,,Text,""
cv_1992,1942,,Text,""
cv_1993,1950,,Text,""
cv_1994,1951,,Text,""
cv_1995,1952,,Text,""
cv_1996,1953,,Text,""
cv_1997,1954,,Text,""
cv_1998,1955,,Text,""
cv_1999,198D,,Text,""
cv_2000,1CC5,,Text,""
cv_2001,2AC1,,Text,""
cv_2002,2B2F,,Text,""
cv_2003,2B31,,Text,""
cv_2004,2B32,,Text,""
cv_2005,2B35,,Text,""
cv_2006,2B36,,Text,""
cv_2007,2BC0,,Text,""
cv_2008,2BC1,,Text,""
cv_2009,2BC4,,Text,""
cv_2010,2BC5,,Text,""
cv_2011,2BC9,,Text,""
cv_2012,2DE9,,Text,""
cv_2013,2F08,,Text,""
cv_2014,2F0B,,Text,""
cv_2015,2F0E,,Text,""
cv_2016,2F10,,Text,""
cv_2017,2F11,,Text,""
cv_2018,2F12,,Text,""
cv_2019,2F1C,,Text,""
cv_2020,2F1D,,Text,""
cv_2021,2F1E,,Text,""
cv_2022,2F36,,Text,""
cv_2023,2F4F,,Text,""
cv_2024,2F5C,,Text,""
cv_2025,2F71,,Text,""
cv_2026,2F79,,Text,""
cv_2027,2F7C,,Text,""
cv_2028,2F82,,Text,""
cv_2029,2F88,,Text,""
cv_2030,2F89,,Text,""
cv_2031,2F8A,,Text,""
cv_2032,2FA3,,Text,""
cv_2033,2FA4,,Text,""
cv_2034,2FA5,,Text,""
cv_2035,2FB1,,Text,""
cv_2036,2FB2,,Text,""
cv_2037,2FB3,,Text,""
cv_2038,2FB4,,Text,""
cv_2039,2FDE,,Text,""
cv_2040,2FDF,,Text,""
cv_2041,2FE1,,Text,""
cv_2042,2FE5,,Text,""
cv_2043,2FE7,,Text,""
cv_2044,2FE8,,Text,""
cv_2045,2FEC,,Text,""
cv_2046,2FF2,,Text,""
cv_2047,2FF3,,Text,""
cv_2048,2FF7,,Text,""
cv_2049,2FF9,,Text,""
cv_2050,2FFA,,Text,""
cv_2051,2FFB,,Text,""
cv_2052,2FFD,,Text,""
cv_2053,2FFE,,Text,""
cv_2054,3010,,Text,""
cv_2055,3011,,Text,""
cv_2056,3013,,Text,""
cv_2057,3014,,Text,""
cv_2058,301F,,Text,""
cv_2059,3020,,Text,""
cv_2060,3022,,Text,""
cv_2061,3025,,Text,""
cv_2062,3026,,Text,""
cv_2063,3027,,Text,""
cv_2064,3053,,Text,""
cv_2065,305B,,Text,""
cv_2066,305D,,Text,""
cv_2067,3063,,Text,""
cv_2068,306B,,Text,""
cv_2069,306D,,Text,""
cv_2070,3082,,Text,""
cv_2071,3089,,Text,""
cv_2072,308E,,Text,""
cv_2073,308F,,Text,""
cv_2074,3090,,Text,""
cv_2075,3096,,Text,""
cv_2076,3098,,Text,""
cv_2077,309C,,Text,""
cv_2078,30A0,,Text,""
cv_2079,30A6,,Text,""
cv_2080,30AC,,Text,""
cv_2081,30AD,,Text,""
cv_2082,30C8,,Text,""
cv_2083,30D5,,Text,""
cv_2084,30D7,,Text,""
cv_2085,30DE,,Text,""
cv_2086,30E3,,Text,""
cv_2087,30E5,,Text,""
cv_2088,30E7,,Text,""
cv_2089,30E8,,Text,""
cv_2090,30E9,,Text,""
cv_2091,30EA,,Text,""
cv_2092,30EB,,Text,""
cv_2093,30EC,,Text,""
cv_2094,30EE,,Text,""
cv_2095,30F3,,Text,""
cv_2096,30FD,,Text,""
cv_2097,3109,,Text,""
cv_2098,310A,,Text,""
cv_2099,310B,,Text,""
cv_2100,310C,,Text,""
cv_2101,312E,,Text,""
cv_2102,3135,,Text,""
cv_2103,3138,,Text,""
cv_2104,3143,,Text,""
cv_2105,3144,,Text,""
cv_2106,34D1,,Text,""
cv_2107,34D6,,Text,""
cv_2108,34D7,,Text,""
cv_2109,34D8,,Text,""
cv_2110,34D9,,Text,""
cv_2111,34DA,,Text,""
cv_2112,357C,,Text,""
cv_2113,3581,,Text,""
cv_2114,358D,,Text,""
cv_2115,3598,,Text,""
cv_2116,359E,,Text,""
cv_2117,35D2,,MText,""
cv_2118,35D2,,MText,""
cv_2119,35D2,,MText,""
cv_2120,35DE,,MText,""
cv_2121,35DE,,MText,""
cv_2122,35E4,,Text,""
cv_2123,3623,,Text,""
cv_2124,3700,,Text,""
cv_2125,3721,,Text,""
cv_2126,3934,,Text,""
cv_2127,3935,,Text,""
cv_2128,3936,,Text,""
cv_2129,604E0,,Text,""
cv_2130,604EC,,Text,""
cv_2131,604ED,,Text,""
cv_2132,15BA,,Text,""
cv_2133,2B14,,Text,""
cv_2134,2B39,,Text,""
cv_2135,2B3B,,Text,""
cv_2136,2B53,,Text,""
cv_2137,2B57,,Text,""
cv_2138,2B58,,Text,""
cv_2139,2BD6,,Text,""
cv_2140,2C7E,,Text,""
cv_2141,2CFE,,Text,""
cv_2142,2DF1,,Text,""
cv_2143,2E63,,Text,""
cv_2144,2FC7,,Text,""
cv_2145,2FCA,,Text,""
cv_2146,2FEE,,Text,""
cv_2147,3055,,Text,""
cv_2148,3161,,AttributeDefinition,""
cv_2149,3163,,AttributeDefinition,""
cv_2150,3165,,AttributeDefinition,""
cv_2151,316B,,AttributeDefinition,""
cv_2152,317B,,AttributeDefinition,""
cv_2153,317D,,AttributeDefinition,""
cv_2154,3181,,AttributeDefinition,""
cv_2155,3189,,AttributeDefinition,""
cv_2156,318F,,AttributeDefinition,""
cv_2157,3191,,AttributeDefinition,""
cv_2158,3195,,AttributeDefinition,""
cv_2159,3197,,AttributeDefinition,""
cv_2160,319C,,AttributeDefinition,""
cv_2161,319E,,AttributeDefinition,""
cv_2162,31A0,,AttributeDefinition,""
cv_2163,31A2,,AttributeDefinition,""
cv_2164,31A6,,AttributeDefinition,""
cv_2165,31A8,,AttributeDefinition,""
cv_2166,31AF,,AttributeDefinition,""
cv_2167,31B3,,AttributeDefinition,""
cv_2168,31B5,,AttributeDefinition,""
cv_2169,31B7,,AttributeDefinition,""
cv_2170,31BD,,AttributeDefinition,""
cv_2171,31C6,,AttributeDefinition,""
cv_2172,31C8,,AttributeDefinition,""
cv_2173,31D0,,AttributeDefinition,""
cv_2174,31D8,,AttributeDefinition,""
cv_2175,31F0,,AttributeDefinition,""
cv_2176,31F2,,AttributeDefinition,""
cv_2177,325A,,AttributeDefinition,""
cv_2178,325E,,AttributeDefinition,""
cv_2179,3265,,AttributeDefinition,""
cv_2180,3269,,AttributeDefinition,""
cv_2181,326B,,AttributeDefinition,""
cv_2182,326D,,AttributeDefinition,""
cv_2183,3271,,AttributeDefinition,""
cv_2184,3279,,AttributeDefinition,""
cv_2185,328E,,AttributeDefinition,""
cv_2186,329A,,AttributeDefinition,""
cv_2187,329C,,AttributeDefinition,""
cv_2188,32A8,,AttributeDefinition,""
cv_2189,32AA,,AttributeDefinition,""
cv_2190,32AE,,AttributeDefinition,""
cv_2191,32B3,,AttributeDefinition,""
cv_2192,32CE,,AttributeDefinition,""
cv_2193,32D3,,AttributeDefinition,""
cv_2194,32D9,,AttributeDefinition,""
cv_2195,32E0,,AttributeDefinition,""
cv_2196,32E4,,AttributeDefinition,""
cv_2197,32F0,,AttributeDefinition,""
cv_2198,32F2,,AttributeDefinition,""
cv_2199,330A,,AttributeDefinition,""
cv_2200,3312,,AttributeDefinition,""
cv_2201,3314,,AttributeDefinition,""
cv_2202,3316,,AttributeDefinition,""
cv_2203,3318,,AttributeDefinition,""
cv_2204,3325,,AttributeDefinition,""
cv_2205,3327,,AttributeDefinition,""
cv_2206,332D,,AttributeDefinition,""
cv_2207,332F,,AttributeDefinition,""
cv_2208,3333,,AttributeDefinition,""
cv_2209,3339,,AttributeDefinition,""
cv_2210,3345,,AttributeDefinition,""
cv_2211,334B,,AttributeDefinition,""
cv_2212,3355,,AttributeDefinition,""
cv_2213,3357,,AttributeDefinition,""
cv_2214,335F,,AttributeDefinition,""
cv_2215,33BA,,AttributeDefinition,""
cv_2216,33C1,,AttributeDefinition,""
cv_2217,33C9,,AttributeDefinition,""
cv_2218,33CC,,AttributeDefinition,""
cv_2219,33D3,,AttributeDefinition,""
cv_2220,33D5,,AttributeDefinition,""
cv_2221,33D7,,AttributeDefinition,""
cv_2222,33E5,,AttributeDefinition,""
cv_2223,33E7,,AttributeDefinition,""
cv_2224,33E9,,AttributeDefinition,""
cv_2225,33EF,,AttributeDefinition,""
cv_2226,33F7,,AttributeDefinition,""
cv_2227,340C,,AttributeDefinition,""
cv_2228,340F,,AttributeDefinition,""
cv_2229,3418,,AttributeDefinition,""
cv_2230,3422,,AttributeDefinition,""
cv_2231,3428,,AttributeDefinition,""
cv_2232,342A,,AttributeDefinition,""
cv_2233,342E,,AttributeDefinition,""
cv_2234,3431,,AttributeDefinition,""
cv_2235,3439,,AttributeDefinition,""
cv_2236,343E,,AttributeDefinition,""
cv_2237,3444,,AttributeDefinition,""
cv_2238,3446,,AttributeDefinition,""
cv_2239,3456,,AttributeDefinition,""
cv_2240,345B,,AttributeDefinition,""
cv_2241,3464,,AttributeDefinition,""
cv_2242,3468,,AttributeDefinition,""
cv_2243,346C,,AttributeDefinition,""
cv_2244,346F,,AttributeDefinition,""
cv_2245,3477,,AttributeDefinition,""
cv_2246,347F,,AttributeDefinition,""
cv_2247,3483,,AttributeDefinition,""
cv_2248,198F,,Text,""
cv_2249,2AA5,,Text,""
cv_2250,34BA,,Text,""
cv_2251,34E5,,Text,""
cv_2252,3612,,Text,""
cv_2253,50DA,,Text,""
cv_2254,5179,,Text,""
cv_2255,604DF,,Text,""
cv_2256,604FB,,Text,""
cv_2257,6051F,,Text,""
cv_2258,BE6F5,,Text,""
cv_2259,1AA3,,Text,""
cv_2260,1AE1,,Text,""
cv_2261,1AE6,,Text,""
cv_2262,1B04,,Text,""
cv_2263,1B12,,Text,""
cv_2264,1B25,,Text,""
cv_2265,1B55,,Text,""
cv_2266,1B56,,Text,""
cv_2267,1B5C,,Text,""
cv_2268,1B6B,,Text,""
cv_2269,1B6C,,Text,""
cv_2270,1B72,,Text,""
cv_2271,1BC2,,Text,""
cv_2272,1BC3,,Text,""
cv_2273,1BDE,,Text,""
cv_2274,1BDF,,Text,""
cv_2275,1BE7,,Text,""
cv_2276,1BE9,,Text,""
cv_2277,1BF9,,Text,""
cv_2278,1CED,,Text,""
cv_2279,1CF0,,Text,""
cv_2280,36ED,,Text,""
cv_2281,3747,,Text,""
cv_2282,376A,,Text,""
cv_2283,3785,,Text,""
cv_2284,3787,,Text,""
cv_2285,3789,,Text,""
cv_2286,37A5,,Text,""
cv_2287,37A8,,Text,""
cv_2288,60510,,Text,""
cv_2289,60512,,Text,""
cv_2290,60515,,Text,""
cv_2291,1AEB,,Text,""
cv_2292,1AEC,,Text,""
cv_2293,1AF7,,Text,""
cv_2294,1AF8,,Text,""
cv_2295,1B06,,Text,""
cv_2296,1B07,,Text,""
cv_2297,1B08,,Text,""
cv_2298,1B0D,,Text,""
cv_2299,1B0E,,Text,""
cv_2300,1B0F,,Text,""
cv_2301,1B2E,,Text,""
cv_2302,1B2F,,Text,""
cv_2303,1B30,,Text,""
cv_2304,1B9D,,Text,""
cv_2305,1BA7,,Text,""
cv_2306,1BA8,,Text,""
cv_2307,1BA9,,Text,""
cv_2308,1BAE,,Text,""
cv_2309,1BC4,,Text,""
cv_2310,1BC7,,Text,""
cv_2311,1BC8,,Text,""
cv_2312,1BC9,,Text,""
cv_2313,1BCA,,Text,""
cv_2314,1CE7,,Text,""
cv_2315,2AA6,,Text,""
cv_2316,2AA7,,Text,""
cv_2317,2AA8,,Text,""
cv_2318,2C59,,Text,""
cv_2319,2C5D,,Text,""
cv_2320,2CDE,,Text,""
cv_2321,2CE0,,Text,""
cv_2322,2CE1,,Text,""
cv_2323,2CE2,,Text,""
cv_2324,2CE7,,Text,""
cv_2325,2D1B,,Text,""
cv_2326,2D21,,Text,""
cv_2327,2D22,,Text,""
cv_2328,2D73,,Text,""
cv_2329,2D84,,Text,""
cv_2330,2D89,,Text,""
cv_2331,2D95,,Text,""
cv_2332,2D99,,Text,""
cv_2333,2DB5,,Text,""
cv_2334,2DB6,,Text,""
cv_2335,2E35,,Text,""
cv_2336,2E39,,Text,""
cv_2337,2EDA,,Text,""
cv_2338,2EDB,,Text,""
cv_2339,2EDD,,Text,""
cv_2340,2EDE,,Text,""
cv_2341,2EE2,,Text,""
cv_2342,2EFF,,Text,""
cv_2343,2F02,,Text,""
cv_2344,2F03,,Text,""
cv_2345,2ACB,,Text,""
cv_2346,2AD0,,Text,""
cv_2347,2AD1,,Text,""
cv_2348,2AD6,,Text,""
cv_2349,2ADB,,Text,""
cv_2350,2ADC,,Text,""
cv_2351,2ADD,,Text,""
cv_2352,2ADE,,Text,""
cv_2353,2AE7,,Text,""
cv_2354,2AF3,,Text,""
cv_2355,2AF4,,Text,""
cv_2356,2B01,,Text,""
cv_2357,2B02,,Text,""
cv_2358,2B16,,Text,""
cv_2359,2B17,,Text,""
cv_2360,2B18,,Text,""
cv_2361,2B19,,Text,""
cv_2362,2B5C,,Text,""
cv_2363,2B5D,,Text,""
cv_2364,2B5E,,Text,""
cv_2365,2B5F,,Text,""
cv_2366,2B71,,Text,""
cv_2367,2B72,,Text,""
cv_2368,2B73,,Text,""
cv_2369,2B74,,Text,""
cv_2370,2B97,,Text,""
cv_2371,2BB0,,Text,""
cv_2372,2BB1,,Text,""
cv_2373,2BE2,,Text,""
cv_2374,2BE3,,Text,""
cv_2375,2BE4,,Text,""
cv_2376,2BE5,,Text,""
cv_2377,2C1F,,Text,""
cv_2378,2CF6,,Text,""
cv_2379,2CF7,,Text,""
cv_2380,2D17,,Text,""
cv_2381,2D18,,Text,""
cv_2382,2D19,,Text,""
cv_2383,2D1A,,Text,""
cv_2384,2D54,,Text,""
cv_2385,2D7A,,Text,""
cv_2386,2DD0,,Text,""
cv_2387,2DD1,,Text,""
cv_2388,2DE3,,Text,""
cv_2389,2DE4,,Text,""
cv_2390,2DE6,,Text,""
cv_2391,2DE7,,Text,""
cv_2392,2E13,,Text,""
cv_2393,2E14,,Text,""
cv_2394,2E15,,Text,""
cv_2395,2E16,,Text,""
cv_2396,2E31,,Text,""
cv_2397,2E53,,Text,""
cv_2398,2E54,,Text,""
cv_2399,2E89,,Text,""
cv_2400,2E8A,,Text,""
cv_2401,2E8B,,Text,""
cv_2402,2E8C,,Text,""
cv_2403,2ECF,,Text,""
cv_2404,2ACD,,Text,""
cv_2405,2ACE,,Text,""
cv_2406,2B1E,,Text,""
cv_2407,2B49,,Text,""
cv_2408,2B4F,,Text,""
cv_2409,2B51,,Text,""
cv_2410,2B52,,Text,""
cv_2411,2B6C,,Text,""
cv_2412,2B6D,,Text,""
cv_2413,2B6F,,Text,""
cv_2414,2B70,,Text,""
cv_2415,2BEC,,Text,""
cv_2416,2C8A,,Text,""
cv_2417,2CB7,,Text,""
cv_2418,2D3D,,Text,""
cv_2419,2DC0,,Text,""
cv_2420,2DC1,,Text,""
cv_2421,2DC7,,Text,""
cv_2422,2DCE,,Text,""
cv_2423,2DCF,,Text,""
cv_2424,2DD7,,Text,""
cv_2425,2DD9,,Text,""
cv_2426,2E06,,Text,""
cv_2427,2E07,,Text,""
cv_2428,2E08,,Text,""
cv_2429,2E0A,,Text,""
cv_2430,2E2E,,Text,""
cv_2431,2E95,,Text,""
cv_2432,2FBF,,Text,""
cv_2433,2AEE,,Text,""
cv_2434,2AF5,,Text,""
cv_2435,2AFA,,Text,""
cv_2436,2B55,,Text,""
cv_2437,2C0E,,Text,""
cv_2438,2C1C,,Text,""
cv_2439,2C26,,Text,""
cv_2440,2C4D,,Text,""
cv_2441,2C66,,Text,""
cv_2442,2C9E,,Text,""
cv_2443,2CB0,,Text,""
cv_2444,2CB2,,Text,""
cv_2445,2CBC,,Text,""
cv_2446,2CC5,,Text,""
cv_2447,2CC7,,Text,""
cv_2448,2CD4,,Text,""
cv_2449,2D3B,,Text,""
cv_2450,2D55,,Text,""
cv_2451,2D72,,Text,""
cv_2452,2D9E,,Text,""
cv_2453,2E76,,Text,""
cv_2454,2EA7,,Text,""
cv_2455,2EBB,,Text,""
cv_2456,2EC1,,Text,""
cv_2457,2EFD,,Text,""
cv_2458,2AFD,,Text,""
cv_2459,2C6A,,Text,""
cv_2460,2C7B,,Text,""
cv_2461,517C,,Text,""
cv_2462,517D,,Text,""
cv_2463,517E,,Text,""
cv_2464,5189,,Text,""
cv_2465,518A,,Text,""
cv_2466,518B,,Text,""
cv_2467,518C,,Text,""
cv_2468,518D,,Text,""
cv_2469,518E,,Text,""
cv_2470,60546,,Text,""
cv_2471,60547,,Text,""
cv_2472,60548,,Text,""
cv_2473,605C0,,Text,""
cv_2474,BE7BD,,Text,""
cv_2475,BE96B,,Text,""
cv_2476,2B4B,,Text,""
cv_2477,2B4D,,Text,""
cv_2478,2B75,,Text,""
cv_2479,2B76,,Text,""
cv_2480,2E0D,,Text,""
cv_2481,2E0E,,Text,""
cv_2482,2B8C,,Text,""
cv_2483,2DB1,,Text,""
cv_2484,2EF7,,Text,""
cv_2485,2B8F,,Text,""
cv_2486,2B96,,Text,""
cv_2487,2D7B,,Text,""
cv_2488,2DAC,,Text,""
cv_2489,2ECE,,Text,""
cv_2490,2EF4,,Text,""
cv_2491,2BB3,,Text,""
cv_2492,2BB4,,Text,""
cv_2493,2BB5,,Text,""
cv_2494,2BB6,,Text,""
cv_2495,2BB7,,Text,""
cv_2496,2BDA,,Text,""
cv_2497,2C43,,Text,""
cv_2498,2C4A,,Text,""
cv_2499,2C4B,,Text,""
cv_2500,2CD7,,Text,""
cv_2501,2D02,,Text,""
cv_2502,2D06,,Text,""
cv_2503,2D07,,Text,""
cv_2504,2D2E,,Text,""
cv_2505,2D2F,,Text,""
cv_2506,2D32,,Text,""
cv_2507,2D38,,Text,""
cv_2508,2D39,,Text,""
cv_2509,2E48,,Text,""
cv_2510,2E64,,Text,""
cv_2511,2E65,,Text,""
cv_2512,2E69,,Text,""
cv_2513,2E8E,,Text,""
cv_2514,2E8F,,Text,""
cv_2515,2E9F,,Text,""
cv_2516,2EA0,,Text,""
cv_2517,2EA1,,Text,""
cv_2518,2BEF,,Text,""
cv_2519,2C2B,,Text,""
cv_2520,2C2C,,Text,""
cv_2521,2C2D,,Text,""
cv_2522,2C5A,,Text,""
cv_2523,2C5B,,Text,""
cv_2524,2D43,,Text,""
cv_2525,2D5A,,Text,""
cv_2526,2D5B,,Text,""
cv_2527,2D64,,Text,""
cv_2528,2D91,,Text,""
cv_2529,2D94,,Text,""
cv_2530,2E3A,,Text,""
cv_2531,2E3B,,Text,""
cv_2532,2E3C,,Text,""
cv_2533,2E3D,,Text,""
cv_2534,2E3E,,Text,""
cv_2535,2E45,,Text,""
cv_2536,2C09,,Text,""
cv_2537,2D11,,Text,""
cv_2538,2E7C,,Text,""
cv_2539,2C0B,,Text,""
cv_2540,2D0F,,Text,""
cv_2541,2E7D,,Text,""
cv_2542,2C18,,Text,""
cv_2543,2D4B,,Text,""
cv_2544,2E32,,Text,""
cv_2545,2CE8,,Text,""
cv_2546,2CE9,,Text,""
cv_2547,2D24,,Text,""
cv_2548,2D25,,Text,""
cv_2549,2D8A,,Text,""
cv_2550,2D8B,,Text,""
cv_2551,2DBA,,Text,""
cv_2552,2DBD,,Text,""
cv_2553,2EAF,,Text,""
cv_2554,2EB0,,Text,""
cv_2555,2EE3,,Text,""
cv_2556,2EE5,,Text,""
cv_2557,2E02,,Text,""
cv_2558,2E03,,Text,""
cv_2559,2E04,,Text,""
cv_2560,2E05,,Text,""
cv_2561,BE7AA,,Text,""
cv_2562,BED3B,,Text,""
cv_2563,BED3C,,Text,""
cv_2564,2E24,,Text,""
cv_2565,2F2C,,Text,""
cv_2566,2F42,,Text,""
cv_2567,2F4E,,Text,""
cv_2568,2F72,,Text,""
cv_2569,2F7A,,Text,""
cv_2570,3062,,Text,""
cv_2571,3596,,Text,""
cv_2572,2F6A,,Text,""
cv_2573,3BAE,,Text,""
cv_2574,3BAF,,Text,""
cv_2575,3BB0,,Text,""
cv_2576,3BB1,,Text,""
cv_2577,3BB2,,Text,""
cv_2578,3BB3,,Text,""
cv_2579,3BB4,,Text,""
cv_2580,3BB5,,Text,""
cv_2581,3BB8,,Text,""
cv_2582,3BB9,,Text,""
cv_2583,2FD2,,Text,""
cv_2584,3077,,Text,""
cv_2585,353B,,Text,""
cv_2586,357A,,Text,""
cv_2587,357B,,Text,""
cv_2588,357F,,Text,""
cv_2589,358B,,Text,""
cv_2590,35A8,,Text,""
cv_2591,35AB,,Text,""
cv_2592,2FD3,,Text,""
cv_2593,3075,,Text,""
cv_2594,353A,,Text,""
cv_2595,357D,,Text,""
cv_2596,3208,,Text,""
cv_2597,4AD5,,Text,""
cv_2598,4AD7,,Text,""
cv_2599,4AD8,,Text,""
cv_2600,4AD9,,Text,""
cv_2601,4ADA,,Text,""
cv_2602,4AEB,,Text,""
cv_2603,4AED,,Text,""
cv_2604,4AEE,,Text,""
cv_2605,4B1F,,Text,""
cv_2606,4B24,,Text,""
cv_2607,4B25,,Text,""
cv_2608,4B29,,Text,""
cv_2609,4B83,,Text,""
cv_2610,4B85,,Text,""
cv_2611,4B87,,Text,""
cv_2612,4B88,,Text,""
cv_2613,4B8A,,Text,""
cv_2614,4B8E,,Text,""
cv_2615,4B8F,,Text,""
cv_2616,4B91,,Text,""
cv_2617,4BA0,,Text,""
cv_2618,4BB8,,Text,""
cv_2619,4BB9,,Text,""
cv_2620,4BBA,,Text,""
cv_2621,4BD9,,Text,""
cv_2622,4BE2,,Text,""
cv_2623,4BE4,,Text,""
cv_2624,4BE5,,Text,""
cv_2625,4BE6,,Text,""
cv_2626,4BE7,,Text,""
cv_2627,4BF8,,Text,""
cv_2628,4C02,,Text,""
cv_2629,4C03,,Text,""
cv_2630,4C04,,Text,""
cv_2631,4C09,,Text,""
cv_2632,4C0A,,Text,""
cv_2633,4C0B,,Text,""
cv_2634,4C0C,,Text,""
cv_2635,4C0D,,Text,""
cv_2636,4C1B,,Text,""
cv_2637,50C0,,Text,""
cv_2638,6057E,,Text,""
cv_2640,707D1,BF013,Line,"revadd_1"
cv_2641,707D2,BF013,Line,"revadd_1"
cv_2642,707D3,BF013,Line,"revadd_1"
cv_2643,707D7,BF013,Line,"revadd_1"
cv_2645,42AB,,Solid,""
cv_2647,42A9,,Polyline,""
cv_2648,42A8,,Polyline,""
cv_2649,4667,,Polyline,""
cv_2650,532F,,Polyline,""
cv_2651,42A2,,Polyline,""
cv_2652,451D,,Polyline,""
cv_2654,464F,,Solid,""
cv_2655,4659,,Solid,""
cv_2656,6036C,,Solid,""
cv_2657,6036E,,Solid,""
cv_2659,464E,,Line,""
cv_2660,4658,,Line,""
cv_2661,6036B,,Line,""
cv_2662,6036D,,Line,""
cv_2663,42A3,,Text,""
cv_2664,464D,,Text,""
cv_2665,4657,,Text,""
cv_2666,465B,,Text,""
cv_2667,4661,,Text,""
cv_2668,466E,,Text,""
cv_2669,466F,,Text,""
cv_2670,4811,,Text,""
cv_2671,5326,,Text,""
cv_2672,532A,,Text,""
cv_2673,532D,,Text,""
cv_2674,5330,,Text,""
cv_2675,5331,,Text,""
cv_2676,5335,,Text,""
cv_2677,4E76,4E75,Attribute,""
cv_2678,4E78,4E75,Attribute,""
cv_2679,4E7A,4E75,Attribute,""
cv_2680,4E7B,4E75,Attribute,""
cv_2681,BF01A,,MText,""
cv_2682,BF455,,MText,""
cv_2683,BF455,,MText,""
cv_2684,4E79,4E75,Attribute,""
cv_2685,4E7C,4E75,Attribute,""
cv_2686,4E7D,4E75,Attribute,""
cv_2687,4E7E,4E75,Attribute,""
cv_2688,4E7F,4E75,Attribute,""
cv_2689,4E85,4E75,Attribute,""
cv_2690,4E82,4E75,Attribute,""
cv_2691,4E83,4E75,Attribute,""
cv_2692,4E84,4E75,Attribute,""
cv_2693,4E87,4E75,Attribute,""
cv_2694,4E88,4E75,Attribute,""
cv_2695,4E89,4E75,Attribute,""
cv_2697,4B07,,Solid,""
cv_2698,4B07,,Solid,""
cv_2699,4BB1,,Solid,""
cv_2700,4BB1,,Solid,""
cv_2701,4BBF,,Solid,""
cv_2702,4BBF,,Solid,""
cv_2704,4B06,,Polyline,""
cv_2705,4BB0,,Polyline,""
cv_2706,4BBE,,Polyline,""
cv_2707,50C8,,Polyline,""
cv_2708,50C7,,Polyline,""
cv_2709,50C6,,Polyline,""
cv_2710,50C5,,Polyline,""
cv_2711,50C4,,Polyline,""
cv_2712,50C3,,Polyline,""
cv_2713,50C2,,Polyline,""
cv_2714,50C9,,Polyline,""
cv_2715,50DB,,Polyline,""
cv_2716,5261,,Polyline,""
cv_2717,9A88A,,Polyline,""
cv_2718,9A88C,,Polyline,""
cv_2719,BE6FD,,Polyline,""
cv_2720,BE72A,,Polyline,""
cv_2721,BE76C,,Polyline,""
cv_2722,BE76E,,Polyline,""
cv_2723,BE770,,Polyline,""
cv_2724,BE772,,Polyline,""
cv_2725,BE7B3,,Polyline,""
cv_2726,BE7B5,,Polyline,""
cv_2727,BE8BF,,Polyline,""
cv_2728,BE8C1,,Polyline,""
cv_2729,BE91B,,Polyline,""
cv_2730,BED32,,Polyline,""
cv_2731,BEDAC,,Polyline,""
cv_2732,4AFA,,Line,""
cv_2733,4AFC,,Line,""
cv_2734,4AFD,,Line,""
cv_2735,4B00,,Line,""
cv_2736,4B02,,Line,""
cv_2737,4B08,,Line,""
cv_2738,4B0A,,Line,""
cv_2739,4B17,,Line,""
cv_2740,4B1B,,Line,""
cv_2741,4B26,,Line,""
cv_2742,4B27,,Line,""
cv_2743,4B2B,,Line,""
cv_2744,4B2C,,Line,""
cv_2745,4B2E,,Line,""
cv_2746,4B2F,,Line,""
cv_2747,4B30,,Line,""
cv_2748,4B31,,Line,""
cv_2749,4B34,,Line,""
cv_2750,4B35,,Line,""
cv_2751,4B36,,Line,""
cv_2752,4B37,,Line,""
cv_2753,4B39,,Line,""
cv_2754,4B3A,,Line,""
cv_2755,4B44,,Line,""
cv_2756,4B45,,Line,""
cv_2757,4B51,,Line,""
cv_2758,4B52,,Line,""
cv_2759,4B5E,,Line,""
cv_2760,4B5F,,Line,""
cv_2761,4B60,,Line,""
cv_2762,4B62,,Line,""
cv_2763,4CCB,,Line,""
cv_2764,4B76,,Line,""
cv_2765,4B94,,Line,""
cv_2766,4B96,,Line,""
cv_2767,4B9C,,Line,""
cv_2768,4B9D,,Line,""
cv_2769,4B9E,,Line,""
cv_2770,4B9F,,Line,""
cv_2771,4BA1,,Line,""
cv_2772,4BAE,,Line,""
cv_2773,4BB2,,Line,""
cv_2774,4BB4,,Line,""
cv_2775,4BBB,,Line,""
cv_2776,4BBC,,Line,""
cv_2777,4BC0,,Line,""
cv_2778,4BC2,,Line,""
cv_2779,4BC8,,Line,""
cv_2780,4BCF,,Line,""
cv_2781,4BD0,,Line,""
cv_2782,4BE0,,Line,""
cv_2783,4BEF,,Line,""
cv_2784,4BF3,,Line,""
cv_2785,4C1C,,Line,""
cv_2786,4C1D,,Line,""
cv_2787,4C73,,Line,""
cv_2788,4C74,,Line,""
cv_2789,4CCC,,Line,""
cv_2790,4CCD,,Line,""
cv_2791,4CCE,,Line,""
cv_2792,4B05,,Arc,""
cv_2793,4B09,,Arc,""
cv_2794,4B46,,Arc,""
cv_2795,4B53,,Arc,""
cv_2796,4BAF,,Arc,""
cv_2797,4BB3,,Arc,""
cv_2798,4BBD,,Arc,""
cv_2799,4BC1,,Arc,""
cv_2800,4C1E,,Arc,""
cv_2801,4C1F,,Arc,""
cv_2802,4B03,,Polyline,""
cv_2803,4B2A,,Polyline,""
cv_2804,4B38,,Polyline,""
cv_2805,4B49,,Polyline,""
cv_2806,BF515,,Circle,""
cv_2807,9A88B,,Text,""
cv_2808,9A88D,,Text,""
cv_2809,BE76D,,Text,""
cv_2810,BE76F,,Text,""
cv_2811,BE771,,Text,""
cv_2812,BE773,,Text,""
cv_2813,BE7B4,,Text,""
cv_2814,BE7B6,,Text,""
cv_2815,BE8C0,,Text,""
cv_2816,BE8C2,,Text,""
cv_2817,517A,,Text,""
cv_2818,517B,,Text,""
cv_2819,517F,,Text,""
cv_2820,5180,,Text,""
cv_2821,6051D,,Text,""
cv_2822,6051E,,Text,""
cv_2823,60520,,Text,""
cv_2824,60521,,Text,""
cv_2826,BE6F0,,Polyline,""
cv_2827,BE6F1,,Polyline,""
cv_2828,BE6F2,,Arc,""
cv_2829,BE6F3,,Arc,""
cv_2830,BE6EF,,Text,""
cv_2832,4DDB,4E75,Hatch,""
cv_2833,4E1A,4E75,Hatch,""
cv_2835,4D58,4E75,Line,""
cv_2836,4D59,4E75,Line,""
cv_2837,4D5A,4E75,Line,""
cv_2838,4D5B,4E75,Line,""
cv_2839,4D5C,4E75,Line,""
cv_2840,4D5D,4E75,Line,""
cv_2841,4D5E,4E75,Line,""
cv_2842,4D5F,4E75,Line,""
cv_2843,4DAE,4E75,Line,""
cv_2844,4DAF,4E75,Line,""
cv_2845,4DB0,4E75,Line,""
cv_2846,4DB1,4E75,Line,""
cv_2847,4DB2,4E75,Line,""
cv_2848,4DB3,4E75,Line,""
cv_2849,4DB4,4E75,Line,""
cv_2850,4DB5,4E75,Line,""
cv_2851,4DD5,4E75,Line,""
cv_2852,4E0A,4E75,Line,""
cv_2853,4E0B,4E75,Line,""
cv_2854,4E10,4E75,Line,""
cv_2855,4E4C,4E75,Line,""
cv_2856,4E59,4E75,Line,""
cv_2857,4E5C,4E75,Line,""
cv_2858,4DDA,4E75,Circle,""
cv_2859,4E19,4E75,Circle,""
cv_2861,4DD3,4E75,Polyline,""
cv_2862,4DD7,4E75,Line,""
cv_2863,4DD8,4E75,Line,""
cv_2864,4E0C,4E75,Line,""
cv_2865,4E0D,4E75,Line,""
cv_2866,4E0E,4E75,Line,""
cv_2867,4E13,4E75,Line,""
cv_2868,4E15,4E75,Line,""
cv_2869,4E16,4E75,Line,""
cv_2870,4E17,4E75,Line,""
cv_2871,4E4E,4E75,Line,""
cv_2872,4E4F,4E75,Line,""
cv_2873,4E52,4E75,Line,""
cv_2874,4E53,4E75,Line,""
cv_2875,4E55,4E75,Line,""
cv_2876,4E56,4E75,Line,""
cv_2877,4E57,4E75,Line,""
cv_2878,4E58,4E75,Line,""
cv_2879,4E5E,4E75,Line,""
cv_2881,4DDB,4E75,2dPolyline,""
cv_2882,4DF4,4E75,2dPolyline,""
cv_2883,4E1A,4E75,2dPolyline,""
cv_2884,4E33,4E75,2dPolyline,""
cv_2885,4E07,4E75,Line,""
cv_2886,4E46,4E75,Line,""
cv_2887,4DD4,4E75,Text,""
cv_2888,4DD6,4E75,Text,""
cv_2889,4E0F,4E75,Text,""
cv_2890,4E11,4E75,Text,""
cv_2891,4E12,4E75,Text,""
cv_2892,4E14,4E75,Text,""
cv_2893,4E49,4E75,Text,""
cv_2894,4E4A,4E75,Text,""
cv_2895,4E4B,4E75,Text,""
cv_2896,4E4D,4E75,Text,""
cv_2897,4E50,4E75,Text,""
cv_2898,4E51,4E75,Text,""
cv_2899,4E54,4E75,Text,""
cv_2900,4E5A,4E75,Text,""
cv_2901,4E5B,4E75,Text,""
cv_2902,4E5D,4E75,Text,""
cv_2903,4DD9,4E75,Text,""
cv_2904,4E18,4E75,Text,""
cv_2905,4E09,4E75,Text,""
cv_2906,4E48,4E75,Text,""
cv_2907,4E08,4E75,Text,""
cv_2908,4E47,4E75,Text,""
cv_2910,707DA,BF013,Polyline,"revadd_2"
cv_2911,707D0,BF013,Line,"revadd_2"
cv_2912,707D4,BF013,Text,"revadd_2"
cv_2913,707D5,BF013,Text,"revadd_2"
cv_2914,707D6,BF013,Text,"revadd_2"
cv_2915,707D8,BF013,Text,"revadd_2"
cv_2916,707D9,BF013,Text,"revadd_2"
cv_2917,BF014,BF013,Attribute,"revadd_2"
cv_2918,BF015,BF013,Attribute,"revadd_2"
cv_2919,BF016,BF013,Attribute,"revadd_2"
cv_2920,BF017,BF013,Attribute,"revadd_2"
cv_2921,BF018,BF013,Attribute,"revadd_2"
cv_2924,4E86,4E75,Attribute,""
cv_2926,35FA,35FF,Polyline,"CYCLE_3"
cv_2927,35FB,35FF,Polyline,"CYCLE_3"
cv_2929,3606,360C,Polyline,"GRD_4"
cv_2930,3607,360C,Polyline,"GRD_4"
cv_2931,3608,360C,Polyline,"GRD_4"
cv_2932,3609,360C,Polyline,"GRD_4"
